target,person,occurrence,audio,subid,trial,leftpic,rightpic,correct,subject
A1,child,1,65_08.mp3,65,8,I1,A1,Y,1
B1,parent,2,36_32.mp3,36,32,B1,C1,Y,1
C1,child,1,45_02.mp3,45,2,C1,A1,Y,1
C1,child,2,44_31.mp3,44,31,C1,E1,Y,1
D1,parent,1,47_05.mp3,47,5,H1,D1,Y,1
E1,parent,1,60_05.mp3,60,5,E1,A1,Y,1
E1,parent,2,75_40.mp3,75,40,H1,E1,Y,1
F1,parent,1,07_09.mp3,7,9,G1,F1,Y,1
H1,child,2,40_37.mp3,40,37,H1,E1,Y,1
K1,parent,2,68_34.mp3,68,34,B1,K1,Y,1
A1,child,2,70_33.mp3,70,33,D1,A1,Y,2
D1,child,2,44_35.mp3,44,35,D1,H1,Y,2
D1,parent,1,45_03.mp3,45,3,D1,F1,Y,2
E1,child,1,59_02.mp3,59,2,A1,E1,N,2
E1,parent,1,35_07.mp3,35,7,B1,E1,Y,2
F1,child,1,35_10.mp3,35,10,F1,K1,Y,2
G1,parent,2,61_32.mp3,61,32,G1,C1,Y,2
I1,child,1,39_08.mp3,39,8,B1,I1,Y,2
I1,child,2,65_31.mp3,65,31,C1,I1,Y,2
K1,child,2,69_37.mp3,69,37,K1,D1,Y,2
A1,child,1,61_04.mp3,61,4,H1,A1,Y,3
B1,child,2,26_37.mp3,26,37,I1,B1,Y,3
C1,parent,2,18_32.mp3,18,32,C1,I1,Y,3
D1,child,1,05_10.mp3,5,10,D1,E1,Y,3
D1,child,2,46_31.mp3,46,31,D1,E1,Y,3
E1,parent,2,65_38.mp3,65,38,B1,E1,Y,3
F1,child,2,28_35.mp3,28,35,F1,B1,Y,3
F1,parent,1,64_01.mp3,64,1,K1,F1,Y,3
H1,parent,1,74_01.mp3,74,1,H1,A1,Y,3
I1,child,1,73_08.mp3,73,8,I1,B1,Y,3
A1,parent,1,60_07.mp3,60,7,K1,A1,Y,4
A1,parent,2,13_32.mp3,13,32,I1,A1,Y,4
C1,child,1,30_08.mp3,30,8,E1,C1,Y,4
C1,parent,1,67_01.mp3,67,1,I1,C1,Y,4
E1,child,2,28_39.mp3,28,39,E1,A1,N,4
F1,child,1,61_06.mp3,61,6,C1,F1,Y,4
F1,child,2,09_31.mp3,9,31,B1,F1,Y,4
F1,parent,1,12_09.mp3,12,9,F1,C1,N,4
H1,child,2,21_31.mp3,21,31,C1,H1,N,4
I1,child,2,60_31.mp3,60,31,I1,B1,Y,4
B1,child,1,05_04.mp3,5,4,I1,B1,Y,5
B1,child,2,51_35.mp3,51,35,I1,B1,Y,5
B1,parent,2,30_38.mp3,30,38,B1,K1,Y,5
C1,parent,1,42_07.mp3,42,7,A1,C1,Y,5
E1,child,2,49_37.mp3,49,37,E1,A1,Y,5
F1,child,1,16_37.mp3,16,37,F1,K1,Y,5
F1,parent,1,71_03.mp3,71,3,F1,K1,Y,5
G1,parent,2,39_34.mp3,39,34,G1,E1,Y,5
K1,child,1,75_04.mp3,75,4,K1,F1,Y,5
K1,parent,2,34_38.mp3,34,38,K1,D1,Y,5
B1,parent,1,45_01.mp3,45,1,C1,B1,Y,6
B1,parent,2,69_36.mp3,69,36,I1,B1,Y,6
D1,child,1,58_10.mp3,58,10,D1,H1,Y,6
D1,parent,2,31_36.mp3,31,36,D1,K1,Y,6
E1,child,1,70_10.mp3,70,10,E1,H1,Y,6
F1,parent,1,72_03.mp3,72,3,C1,F1,Y,6
H1,child,2,36_39.mp3,36,39,C1,H1,Y,6
I1,parent,1,04_03.mp3,4,3,B1,I1,Y,6
K1,child,2,61_39.mp3,61,39,D1,K1,Y,6
K1,parent,2,26_40.mp3,26,40,F1,K1,Y,6
B1,child,1,38_39.mp3,38,39,B1,D1,Y,7
B1,parent,1,72_09.mp3,72,9,B1,K1,Y,7
F1,child,1,47_08.mp3,47,8,G1,F1,Y,7
H1,child,1,39_06.mp3,39,6,H1,E1,Y,7
H1,child,2,32_35.mp3,32,35,E1,H1,Y,7
H1,parent,2,71_40.mp3,71,40,C1,H1,Y,7
I1,child,1,72_06.mp3,72,6,C1,I1,Y,7
I1,parent,2,18_38.mp3,18,38,E1,I1,Y,7
K1,child,2,64_35.mp3,64,35,A1,K1,Y,7
K1,parent,2,31_38.mp3,31,38,D1,K1,Y,7
A1,parent,2,04_34.mp3,4,34,D1,A1,Y,8
B1,parent,2,75_36.mp3,75,36,K1,B1,Y,8
D1,child,2,39_33.mp3,39,33,D1,F1,Y,8
E1,parent,1,17_03.mp3,17,3,E1,I1,N,8
F1,parent,1,11_07.mp3,11,7,F1,G1,Y,8
F1,parent,2,49_38.mp3,49,38,F1,B1,Y,8
G1,child,1,09_02.mp3,9,2,G1,K1,Y,8
G1,parent,2,71_32.mp3,71,32,G1,D1,Y,8
I1,parent,1,59_05.mp3,59,5,A1,I1,Y,8
K1,child,1,68_08.mp3,68,8,K1,A1,Y,8
A1,child,1,40_10.mp3,40,10,A1,H1,Y,9
B1,child,1,11_04.mp3,11,4,B1,C1,Y,9
B1,parent,2,14_40.mp3,14,40,B1,C1,Y,9
C1,child,2,35_35.mp3,35,35,A1,C1,Y,9
D1,child,2,37_37.mp3,37,37,K1,D1,Y,9
D1,parent,1,10_03.mp3,10,3,D1,F1,Y,9
D1,parent,2,18_36.mp3,18,36,D1,E1,Y,9
E1,parent,1,13_09.mp3,13,9,H1,E1,Y,9
F1,parent,1,70_09.mp3,70,9,G1,F1,Y,9
H1,parent,2,09_40.mp3,9,40,D1,H1,Y,9
B1,child,1,55_02.mp3,55,2,B1,K1,Y,10
B1,parent,2,37_36.mp3,37,36,I1,B1,Y,10
D1,child,1,55_08.mp3,55,8,D1,K1,Y,10
D1,parent,1,21_05.mp3,21,5,D1,F1,Y,10
E1,child,1,57_02.mp3,57,2,I1,E1,Y,10
F1,parent,2,37_40.mp3,37,40,F1,B1,Y,10
G1,child,2,36_31.mp3,36,31,G1,D1,Y,10
H1,parent,1,51_07.mp3,51,7,E1,H1,Y,10
I1,child,2,50_35.mp3,50,35,B1,I1,Y,10
K1,parent,2,71_36.mp3,71,36,D1,K1,Y,10
B1,child,2,66_31.mp3,66,31,D1,B1,Y,11
B1,parent,1,13_03.mp3,13,3,B1,I1,Y,11
B1,parent,2,74_36.mp3,74,36,B1,D1,Y,11
C1,parent,2,46_32.mp3,46,32,I1,C1,N,11
D1,child,2,27_39.mp3,27,39,F1,D1,Y,11
D1,parent,1,71_09.mp3,71,9,D1,K1,Y,11
E1,parent,1,54_34.mp3,54,34,E1,H1,Y,11
F1,parent,1,56_05.mp3,56,5,F1,K1,N,11
H1,parent,1,31_05.mp3,31,5,D1,H1,N,11
I1,parent,2,47_40.mp3,47,40,I1,A1,Y,11
B1,child,1,04_06.mp3,4,6,C1,B1,Y,12
B1,child,2,20_37.mp3,20,37,I1,B1,Y,12
C1,child,2,67_39.mp3,67,39,E1,C1,Y,12
C1,parent,1,64_03.mp3,64,3,A1,C1,Y,12
D1,child,2,66_37.mp3,66,37,D1,H1,Y,12
F1,child,1,60_02.mp3,60,2,G1,F1,Y,12
G1,child,1,40_08.mp3,40,8,G1,K1,Y,12
H1,child,2,46_37.mp3,46,37,H1,D1,Y,12
I1,child,1,48_10.mp3,48,10,B1,I1,Y,12
K1,parent,2,38_36.mp3,38,36,K1,B1,Y,12
B1,parent,2,11_38.mp3,11,38,B1,I1,Y,13
D1,child,1,73_06.mp3,73,6,D1,E1,Y,13
D1,child,2,40_31.mp3,40,31,D1,H1,Y,13
G1,child,1,52_08.mp3,52,8,E1,G1,Y,13
G1,child,2,42_37.mp3,42,37,E1,G1,Y,13
H1,child,1,05_06.mp3,5,6,E1,H1,Y,13
H1,child,2,42_39.mp3,42,39,D1,H1,Y,13
H1,parent,1,12_01.mp3,12,1,A1,H1,Y,13
I1,child,1,42_08.mp3,42,8,A1,I1,Y,13
K1,parent,2,35_36.mp3,35,36,A1,K1,Y,13
A1,child,2,55_39.mp3,55,39,A1,I1,Y,14
B1,child,1,48_08.mp3,48,8,B1,I1,Y,14
B1,child,2,70_37.mp3,70,37,B1,K1,Y,14
B1,parent,2,55_32.mp3,55,32,I1,B1,Y,14
C1,child,1,10_04.mp3,10,4,C1,A1,Y,14
C1,parent,1,57_03.mp3,57,3,E1,C1,Y,14
F1,parent,1,69_40.mp3,69,40,F1,C1,Y,14
G1,child,2,30_39.mp3,30,39,G1,K1,Y,14
H1,child,1,58_04.mp3,58,4,H1,A1,Y,14
H1,parent,2,11_34.mp3,11,34,C1,H1,Y,14
C1,child,2,32_31.mp3,32,31,A1,C1,Y,15
E1,child,1,61_35.mp3,61,35,E1,B1,Y,15
E1,child,2,66_35.mp3,66,35,E1,B1,Y,15
E1,parent,2,42_38.mp3,42,38,I1,E1,Y,15
F1,child,1,58_02.mp3,58,2,F1,K1,N,15
G1,child,2,13_37.mp3,13,37,G1,K1,Y,15
H1,parent,1,32_03.mp3,32,3,C1,H1,Y,15
I1,parent,1,32_01.mp3,32,1,E1,I1,Y,15
K1,child,1,32_06.mp3,32,6,F1,K1,Y,15
K1,parent,2,66_38.mp3,66,38,K1,F1,Y,15
A1,child,1,13_06.mp3,13,6,D1,A1,Y,16
C1,parent,1,53_09.mp3,53,9,A1,C1,Y,16
C1,parent,2,62_32.mp3,62,32,C1,I1,Y,16
E1,parent,2,40_36.mp3,40,36,I1,E1,Y,16
H1,child,1,60_08.mp3,60,8,A1,H1,N,16
H1,child,2,15_33.mp3,15,33,D1,H1,Y,16
H1,parent,1,40_07.mp3,40,7,C1,H1,Y,16
H1,parent,2,73_40.mp3,73,40,E1,H1,Y,16
K1,child,1,47_06.mp3,47,6,D1,K1,Y,16
K1,child,2,70_35.mp3,70,35,F1,K1,Y,16
A1,parent,2,45_38.mp3,45,38,A1,H1,Y,17
B1,child,1,67_10.mp3,67,10,B1,D1,Y,17
B1,parent,1,15_07.mp3,15,7,C1,B1,Y,17
C1,parent,1,69_09.mp3,69,9,I1,C1,N,17
D1,child,1,31_04.mp3,31,4,F1,D1,Y,17
D1,parent,2,13_38.mp3,13,38,E1,D1,Y,17
F1,child,2,56_39.mp3,56,39,G1,F1,Y,17
F1,parent,1,46_09.mp3,46,9,G1,F1,Y,17
H1,parent,2,67_32.mp3,67,32,D1,H1,Y,17
I1,child,2,52_33.mp3,52,33,A1,I1,Y,17
A1,parent,1,70_05.mp3,70,5,K1,A1,Y,18
B1,parent,2,21_32.mp3,21,32,I1,B1,Y,18
D1,child,1,11_35.mp3,11,35,H1,D1,Y,18
E1,parent,2,45_32.mp3,45,32,H1,E1,Y,18
G1,child,1,62_04.mp3,62,4,C1,G1,Y,18
G1,child,2,54_31.mp3,54,31,G1,C1,Y,18
G1,parent,1,27_07.mp3,27,7,G1,D1,Y,18
H1,child,2,35_31.mp3,35,31,H1,A1,Y,18
K1,child,2,67_31.mp3,67,31,B1,K1,Y,18
K1,parent,1,14_07.mp3,14,7,B1,K1,Y,18
A1,parent,2,48_40.mp3,48,40,A1,I1,Y,19
D1,parent,2,42_34.mp3,42,34,D1,K1,Y,19
E1,parent,2,44_32.mp3,44,32,E1,B1,Y,19
F1,child,1,62_08.mp3,62,8,F1,K1,Y,19
F1,parent,1,33_03.mp3,33,3,B1,F1,Y,19
G1,child,1,65_06.mp3,65,6,D1,G1,Y,19
H1,child,2,64_39.mp3,64,39,A1,H1,Y,19
I1,child,1,44_04.mp3,44,4,C1,I1,Y,19
I1,parent,2,73_36.mp3,73,36,I1,E1,Y,19
K1,child,1,43_02.mp3,43,2,F1,K1,Y,19
A1,child,2,72_39.mp3,72,39,H1,A1,Y,20
C1,parent,1,31_09.mp3,31,9,H1,C1,Y,20
D1,parent,1,59_09.mp3,59,9,D1,E1,N,20
E1,child,1,11_02.mp3,11,2,B1,E1,Y,20
E1,child,2,51_33.mp3,51,33,E1,H1,Y,20
E1,parent,1,21_01.mp3,21,1,E1,I1,Y,20
G1,child,2,07_37.mp3,7,37,G1,E1,Y,20
G1,parent,1,11_05.mp3,11,5,G1,E1,Y,20
H1,parent,2,27_38.mp3,27,38,H1,E1,Y,20
K1,child,2,20_35.mp3,20,35,D1,K1,Y,20
D1,child,2,52_39.mp3,52,39,D1,F1,Y,21
D1,parent,1,48_07.mp3,48,7,D1,F1,Y,21
D1,parent,2,54_38.mp3,54,38,D1,H1,Y,21
E1,parent,2,34_32.mp3,34,32,E1,H1,Y,21
F1,child,1,59_10.mp3,59,10,F1,K1,Y,21
F1,parent,1,36_03.mp3,36,3,F1,B1,Y,21
G1,parent,2,59_36.mp3,59,36,E1,G1,Y,21
I1,child,1,28_02.mp3,28,2,E1,I1,N,21
K1,parent,1,11_03.mp3,11,3,F1,K1,Y,21
K1,parent,2,62_36.mp3,62,36,K1,B1,Y,21
B1,parent,2,44_38.mp3,44,38,I1,B1,Y,22
C1,child,2,09_37.mp3,9,37,A1,C1,Y,22
C1,parent,1,68_01.mp3,68,1,A1,C1,N,22
C1,parent,2,04_36.mp3,4,36,C1,E1,Y,22
E1,child,1,67_06.mp3,67,6,E1,H1,Y,22
E1,parent,1,36_01.mp3,36,1,E1,A1,Y,22
F1,child,1,53_02.mp3,53,2,B1,F1,Y,22
H1,child,2,66_33.mp3,66,33,H1,A1,Y,22
H1,parent,1,59_01.mp3,59,1,H1,D1,N,22
I1,child,2,05_39.mp3,5,39,I1,C1,Y,22
A1,parent,2,07_38.mp3,7,38,K1,A1,Y,23
B1,parent,2,50_34.mp3,50,34,I1,B1,Y,23
C1,child,2,57_35.mp3,57,35,I1,C1,Y,23
F1,parent,1,55_09.mp3,55,9,F1,B1,Y,23
G1,child,1,49_08.mp3,49,8,E1,G1,Y,23
G1,child,2,73_39.mp3,73,39,K1,G1,Y,23
H1,parent,2,26_36.mp3,26,36,D1,H1,Y,23
I1,parent,1,52_07.mp3,52,7,E1,I1,Y,23
K1,child,1,72_02.mp3,72,2,D1,K1,Y,23
K1,parent,1,51_01.mp3,51,1,A1,K1,Y,23
B1,parent,2,33_36.mp3,33,36,B1,K1,Y,24
C1,parent,2,74_38.mp3,74,38,I1,C1,N,24
D1,child,2,04_37.mp3,4,37,D1,K1,Y,24
F1,child,1,13_10.mp3,13,10,B1,F1,Y,24
F1,parent,1,50_03.mp3,50,3,B1,F1,Y,24
G1,parent,2,70_32.mp3,70,32,E1,G1,Y,24
H1,child,1,72_10.mp3,72,10,E1,H1,Y,24
I1,child,1,55_04.mp3,55,4,B1,I1,Y,24
K1,child,2,10_39.mp3,10,39,B1,K1,Y,24
K1,parent,1,61_09.mp3,61,9,B1,K1,Y,24
A1,child,1,07_08.mp3,7,8,A1,H1,Y,25
A1,parent,2,50_38.mp3,50,38,H1,A1,Y,25
C1,child,1,07_02.mp3,7,2,C1,E1,Y,25
D1,child,2,30_35.mp3,30,35,K1,D1,Y,25
D1,parent,1,52_01.mp3,52,1,D1,E1,Y,25
D1,parent,2,74_34.mp3,74,34,D1,K1,Y,25
G1,parent,2,74_32.mp3,74,32,D1,G1,Y,25
H1,parent,1,75_09.mp3,75,9,H1,E1,Y,25
H1,parent,2,70_34.mp3,70,34,H1,E1,Y,25
K1,parent,1,57_05.mp3,57,5,K1,D1,Y,25
A1,child,2,12_35.mp3,12,35,K1,A1,N,26
B1,child,1,71_10.mp3,71,10,B1,I1,Y,26
C1,parent,2,10_38.mp3,10,38,C1,E1,Y,26
D1,child,1,74_08.mp3,74,8,D1,F1,Y,26
E1,child,2,50_33.mp3,50,33,A1,E1,Y,26
F1,child,2,73_37.mp3,73,37,F1,C1,Y,26
G1,child,1,26_02.mp3,26,2,G1,K1,N,26
G1,parent,2,40_38.mp3,40,38,E1,G1,N,26
H1,parent,1,37_07.mp3,37,7,H1,E1,Y,26
I1,child,1,18_10.mp3,18,10,I1,B1,Y,26
B1,child,2,42_33.mp3,42,33,B1,I1,Y,27
D1,parent,1,04_09.mp3,4,9,D1,E1,Y,27
E1,child,2,33_39.mp3,33,39,E1,I1,Y,27
G1,parent,2,51_34.mp3,51,34,E1,G1,Y,27
H1,child,1,30_02.mp3,30,2,H1,D1,Y,27
H1,parent,1,53_05.mp3,53,5,E1,H1,Y,27
I1,child,1,68_04.mp3,68,4,I1,E1,N,27
I1,child,2,35_33.mp3,35,33,I1,B1,Y,27
I1,parent,1,14_09.mp3,14,9,I1,A1,Y,27
I1,parent,2,42_36.mp3,42,36,B1,I1,Y,27
A1,child,2,69_33.mp3,69,33,D1,A1,Y,28
B1,child,2,58_31.mp3,58,31,B1,I1,Y,28
B1,parent,1,73_03.mp3,73,3,K1,B1,Y,28
E1,parent,1,71_01.mp3,71,1,H1,E1,Y,28
E1,parent,2,38_38.mp3,38,38,E1,B1,Y,28
F1,parent,2,32_40.mp3,32,40,F1,C1,N,28
G1,child,1,69_04.mp3,69,4,C1,G1,Y,28
G1,parent,1,34_09.mp3,34,9,D1,G1,Y,28
H1,parent,1,20_09.mp3,20,9,A1,H1,Y,28
K1,parent,2,43_38.mp3,43,38,K1,D1,Y,28
A1,parent,1,34_05.mp3,34,5,D1,A1,Y,29
B1,parent,2,56_36.mp3,56,36,D1,B1,Y,29
C1,parent,1,54_09.mp3,54,9,E1,C1,Y,29
D1,parent,1,14_01.mp3,14,1,F1,D1,Y,29
E1,child,1,48_06.mp3,48,6,E1,B1,N,29
E1,parent,2,64_40.mp3,64,40,H1,E1,Y,29
F1,child,2,48_35.mp3,48,35,F1,K1,Y,29
F1,parent,2,04_32.mp3,4,32,F1,G1,Y,29
G1,parent,2,46_34.mp3,46,34,G1,D1,Y,29
H1,parent,1,13_07.mp3,13,7,H1,A1,Y,29
A1,child,1,21_08.mp3,21,8,D1,A1,Y,30
A1,child,2,75_35.mp3,75,35,A1,I1,Y,30
B1,parent,1,10_07.mp3,10,7,B1,K1,Y,30
B1,parent,2,57_40.mp3,57,40,B1,I1,Y,30
D1,child,1,18_06.mp3,18,6,F1,D1,Y,30
D1,parent,2,56_32.mp3,56,32,D1,F1,Y,30
G1,parent,1,10_09.mp3,10,9,D1,G1,Y,30
H1,parent,2,16_38.mp3,16,38,D1,H1,Y,30
I1,child,2,27_37.mp3,27,37,I1,E1,Y,30
I1,parent,1,27_03.mp3,27,3,I1,B1,Y,30
A1,parent,1,42_09.mp3,42,9,A1,D1,Y,31
A1,parent,2,10_34.mp3,10,34,A1,I1,Y,31
B1,child,2,45_37.mp3,45,37,B1,I1,Y,31
D1,child,1,68_10.mp3,68,10,D1,E1,Y,31
D1,parent,1,20_03.mp3,20,3,E1,D1,Y,31
E1,child,2,71_39.mp3,71,39,I1,E1,N,31
F1,parent,1,57_07.mp3,57,7,B1,F1,Y,31
G1,parent,1,13_05.mp3,13,5,D1,G1,Y,31
H1,parent,2,39_32.mp3,39,32,D1,H1,Y,31
I1,parent,2,51_40.mp3,51,40,B1,I1,Y,31
B1,parent,1,42_05.mp3,42,5,B1,K1,Y,32
B1,parent,2,17_34.mp3,17,34,C1,B1,Y,32
C1,child,1,70_04.mp3,70,4,E1,C1,Y,32
D1,child,2,14_33.mp3,14,33,D1,H1,Y,32
D1,parent,2,15_38.mp3,15,38,K1,D1,Y,32
E1,parent,1,53_07.mp3,53,7,E1,H1,Y,32
F1,child,2,18_33.mp3,18,33,F1,K1,Y,32
I1,child,1,75_10.mp3,75,10,I1,A1,Y,32
I1,child,2,67_33.mp3,67,33,A1,I1,Y,32
I1,parent,1,21_03.mp3,21,3,I1,B1,Y,32
A1,parent,1,73_07.mp3,73,7,D1,A1,Y,33
A1,parent,2,15_40.mp3,15,40,H1,A1,Y,33
B1,child,2,31_31.mp3,31,31,B1,K1,Y,33
C1,child,1,75_08.mp3,75,8,H1,C1,Y,33
C1,parent,2,27_36.mp3,27,36,C1,A1,Y,33
D1,child,1,15_10.mp3,15,10,E1,D1,Y,33
E1,child,2,47_35.mp3,47,35,B1,E1,Y,33
F1,parent,2,15_34.mp3,15,34,B1,F1,Y,33
H1,parent,1,46_01.mp3,46,1,H1,E1,N,33
I1,parent,1,60_09.mp3,60,9,C1,I1,N,33
B1,child,2,62_39.mp3,62,39,B1,D1,Y,34
C1,child,1,74_06.mp3,74,6,A1,C1,Y,34
D1,child,1,54_10.mp3,54,10,K1,D1,Y,34
E1,parent,1,50_09.mp3,50,9,E1,I1,Y,34
G1,child,2,04_33.mp3,4,33,G1,C1,Y,34
G1,parent,1,56_03.mp3,56,3,G1,E1,N,34
G1,parent,2,09_34.mp3,9,34,E1,G1,Y,34
I1,parent,2,39_40.mp3,39,40,I1,C1,Y,34
K1,parent,1,45_05.mp3,45,5,D1,K1,Y,34
K1,parent,2,52_36.mp3,52,36,D1,K1,Y,34
A1,child,1,04_08.mp3,4,8,A1,I1,Y,35
C1,child,2,65_39.mp3,65,39,C1,I1,Y,35
C1,parent,2,75_32.mp3,75,32,C1,A1,Y,35
D1,parent,1,09_05.mp3,9,5,F1,D1,Y,35
E1,child,1,64_02.mp3,64,2,B1,E1,N,35
E1,parent,2,48_34.mp3,48,34,E1,A1,Y,35
F1,child,2,68_35.mp3,68,35,F1,C1,Y,35
F1,parent,1,66_01.mp3,66,1,B1,F1,Y,35
G1,child,2,47_33.mp3,47,33,G1,K1,Y,35
H1,child,1,52_02.mp3,52,2,D1,H1,Y,35
A1,child,1,68_02.mp3,68,2,A1,I1,N,36
A1,child,2,31_37.mp3,31,37,D1,A1,Y,36
C1,child,2,61_37.mp3,61,37,E1,C1,Y,36
D1,parent,1,07_05.mp3,7,5,F1,D1,Y,36
G1,child,1,43_06.mp3,43,6,G1,D1,Y,36
G1,parent,1,58_07.mp3,58,7,E1,G1,Y,36
G1,parent,2,52_40.mp3,52,40,G1,K1,Y,36
I1,parent,2,72_34.mp3,72,34,I1,A1,Y,36
K1,child,2,17_35.mp3,17,35,K1,A1,N,36
K1,parent,1,13_01.mp3,13,1,A1,K1,Y,36
A1,child,1,09_08.mp3,9,8,K1,A1,Y,37
A1,parent,2,16_34.mp3,16,34,H1,A1,Y,37
D1,child,1,56_02.mp3,56,2,D1,K1,Y,37
E1,parent,1,52_03.mp3,52,3,E1,A1,N,37
H1,child,1,56_10.mp3,56,10,H1,D1,Y,37
H1,child,2,62_35.mp3,62,35,A1,H1,Y,37
I1,child,2,53_35.mp3,53,35,I1,C1,Y,37
K1,child,1,26_08.mp3,26,8,D1,K1,Y,37
K1,child,2,57_33.mp3,57,33,A1,K1,Y,37
K1,parent,2,32_36.mp3,32,36,A1,K1,Y,37
B1,child,2,65_37.mp3,65,37,B1,I1,Y,38
B1,parent,1,62_03.mp3,62,3,K1,B1,Y,38
B1,parent,2,53_34.mp3,53,34,B1,K1,Y,38
C1,child,1,33_08.mp3,33,8,A1,C1,Y,38
D1,parent,1,60_03.mp3,60,3,H1,D1,Y,38
E1,parent,1,58_03.mp3,58,3,I1,E1,Y,38
E1,parent,2,04_38.mp3,4,38,I1,E1,Y,38
H1,child,2,37_35.mp3,37,35,A1,H1,Y,38
I1,child,1,20_06.mp3,20,6,C1,I1,Y,38
I1,parent,2,57_32.mp3,57,32,I1,E1,Y,38
A1,parent,1,74_05.mp3,74,5,K1,A1,Y,39
A1,parent,2,37_38.mp3,37,38,H1,A1,Y,39
B1,child,1,35_06.mp3,35,6,C1,B1,N,39
B1,child,2,61_33.mp3,61,33,B1,D1,Y,39
C1,child,1,37_02.mp3,37,2,C1,H1,Y,39
C1,child,2,53_31.mp3,53,31,H1,C1,Y,39
E1,child,1,40_04.mp3,40,4,E1,H1,Y,39
F1,child,2,34_31.mp3,34,31,F1,G1,Y,39
G1,child,2,11_37.mp3,11,37,K1,G1,Y,39
K1,child,1,12_08.mp3,12,8,K1,A1,Y,39
A1,parent,2,36_38.mp3,36,38,A1,K1,Y,40
D1,parent,1,57_01.mp3,57,1,D1,H1,Y,40
E1,child,2,37_31.mp3,37,31,E1,I1,Y,40
G1,parent,2,35_34.mp3,35,34,E1,G1,Y,40
H1,child,1,10_02.mp3,10,2,E1,H1,Y,40
H1,child,2,48_31.mp3,48,31,H1,C1,Y,40
H1,parent,1,68_05.mp3,68,5,A1,H1,Y,40
I1,parent,1,15_05.mp3,15,5,B1,I1,Y,40
I1,parent,2,12_34.mp3,12,34,A1,I1,Y,40
K1,child,1,62_10.mp3,62,10,K1,D1,Y,40
A1,child,2,71_35.mp3,71,35,A1,D1,Y,41
B1,child,1,47_04.mp3,47,4,I1,B1,Y,41
E1,child,2,09_33.mp3,9,33,I1,E1,Y,41
E1,parent,1,18_05.mp3,18,5,A1,E1,Y,41
G1,child,2,31_33.mp3,31,33,E1,G1,Y,41
G1,parent,2,44_34.mp3,44,34,C1,G1,Y,41
H1,child,1,67_04.mp3,67,4,A1,H1,Y,41
H1,child,2,59_35.mp3,59,35,H1,C1,Y,41
H1,parent,1,21_07.mp3,21,7,H1,D1,Y,41
I1,child,1,45_10.mp3,45,10,B1,I1,Y,41
A1,child,2,17_39.mp3,17,39,A1,D1,N,42
A1,parent,1,47_09.mp3,47,9,A1,K1,Y,42
B1,child,2,40_39.mp3,40,39,D1,B1,Y,42
C1,parent,1,61_03.mp3,61,3,H1,C1,Y,42
F1,parent,2,67_36.mp3,67,36,F1,C1,Y,42
I1,child,1,38_06.mp3,38,6,I1,A1,Y,42
I1,parent,2,43_34.mp3,43,34,E1,I1,Y,42
K1,child,1,31_08.mp3,31,8,K1,B1,Y,42
K1,parent,1,67_05.mp3,67,5,A1,K1,Y,42
K1,parent,2,58_36.mp3,58,36,K1,F1,Y,42
A1,child,2,34_37.mp3,34,37,A1,K1,Y,43
A1,parent,2,46_40.mp3,46,40,I1,A1,Y,43
B1,parent,1,31_07.mp3,31,7,I1,B1,Y,43
C1,child,1,66_10.mp3,66,10,C1,I1,Y,43
C1,parent,1,26_01.mp3,26,1,H1,C1,Y,43
C1,parent,2,21_40.mp3,21,40,C1,I1,Y,43
E1,parent,2,46_38.mp3,46,38,E1,B1,Y,43
H1,parent,1,36_09.mp3,36,9,H1,E1,Y,43
I1,parent,2,26_34.mp3,26,34,I1,B1,Y,43
K1,parent,1,28_09.mp3,28,9,A1,K1,Y,43
A1,parent,2,09_38.mp3,9,38,A1,D1,Y,44
B1,parent,1,20_01.mp3,20,1,C1,B1,Y,44
C1,parent,2,45_40.mp3,45,40,C1,I1,Y,44
E1,child,1,75_06.mp3,75,6,E1,A1,Y,44
H1,child,1,67_08_b.mp3,8,8,C1,H1,Y,44
H1,parent,1,48_05.mp3,48,5,E1,H1,N,44
H1,parent,2,56_38.mp3,56,38,H1,E1,N,44
I1,parent,2,74_40.mp3,74,40,I1,E1,Y,44
K1,child,1,35_08.mp3,35,8,D1,K1,Y,44
K1,parent,2,37_34.mp3,37,34,K1,D1,Y,44
A1,parent,2,54_36.mp3,54,36,K1,A1,Y,45
B1,child,1,74_04.mp3,74,4,C1,B1,Y,45
C1,child,1,46_08.mp3,46,8,H1,C1,Y,45
C1,child,2,15_39.mp3,15,39,C1,I1,Y,45
D1,parent,1,61_07.mp3,61,7,K1,D1,Y,45
E1,child,2,72_35.mp3,72,35,A1,E1,Y,45
F1,child,2,65_35.mp3,65,35,F1,K1,Y,45
F1,parent,1,39_01.mp3,39,1,F1,K1,Y,45
G1,child,2,45_33.mp3,45,33,D1,G1,Y,45
H1,parent,1,54_03.mp3,54,3,H1,D1,Y,45
C1,parent,2,30_36.mp3,30,36,I1,C1,Y,46
D1,child,2,62_37.mp3,62,37,D1,E1,Y,46
D1,parent,1,37_03.mp3,37,3,F1,D1,Y,46
E1,parent,1,09_07.mp3,9,7,E1,H1,Y,46
E1,parent,2,31_34.mp3,31,34,B1,E1,Y,46
F1,child,2,26_35.mp3,26,35,C1,F1,Y,46
F1,parent,1,48_01.mp3,48,1,F1,B1,Y,46
I1,child,1,11_10.mp3,11,10,B1,I1,Y,46
K1,child,2,05_35.mp3,5,35,K1,A1,Y,46
K1,parent,1,05_03.mp3,5,3,K1,D1,Y,46
A1,child,1,64_10.mp3,64,10,H1,A1,Y,47
B1,parent,1,09_01.mp3,9,1,K1,B1,Y,47
B1,parent,2,46_36.mp3,46,36,B1,K1,N,47
C1,child,2,43_37.mp3,43,37,A1,C1,Y,47
E1,child,2,30_33.mp3,30,33,E1,H1,Y,47
E1,parent,1,56_01.mp3,56,1,E1,B1,Y,47
F1,parent,2,53_40.mp3,53,40,K1,F1,Y,47
G1,parent,2,21_36.mp3,21,36,D1,G1,Y,47
I1,parent,1,62_09.mp3,62,9,C1,I1,Y,47
K1,child,1,21_10.mp3,21,10,K1,D1,N,47
A1,parent,1,38_07.mp3,38,7,A1,H1,N,48
B1,child,2,10_37.mp3,10,37,I1,B1,Y,48
C1,parent,1,49_01.mp3,49,1,C1,E1,Y,48
D1,child,2,07_31.mp3,7,31,D1,H1,Y,48
E1,child,2,55_31.mp3,55,31,E1,B1,Y,48
E1,parent,2,26_38.mp3,26,38,I1,E1,Y,48
G1,parent,1,37_01.mp3,37,1,G1,D1,Y,48
K1,child,1,07_06.mp3,7,6,A1,K1,Y,48
K1,child,2,11_33.mp3,11,33,K1,B1,Y,48
K1,parent,1,20_07.mp3,20,7,K1,A1,Y,48
A1,child,1,32_08.mp3,32,8,A1,D1,Y,49
A1,child,2,26_31.mp3,26,31,A1,D1,Y,49
B1,parent,1,65_03.mp3,65,3,K1,B1,Y,49
E1,parent,2,62_40.mp3,62,40,E1,I1,Y,49
F1,parent,2,31_32.mp3,31,32,F1,K1,Y,49
G1,parent,1,07_07.mp3,7,7,C1,G1,Y,49
H1,parent,1,28_07.mp3,28,7,D1,H1,N,49
I1,child,2,70_39.mp3,70,39,B1,I1,Y,49
I1,parent,1,31_40.mp3,31,40,E1,I1,Y,49
K1,child,2,51_37.mp3,51,37,F1,K1,Y,49
A1,child,2,67_35.mp3,67,35,D1,A1,Y,50
A1,parent,2,61_38.mp3,61,38,A1,I1,Y,50
C1,parent,1,17_05.mp3,17,5,E1,C1,Y,50
D1,child,2,45_35.mp3,45,35,E1,D1,Y,50
E1,child,1,38_10.mp3,38,10,E1,A1,Y,50
G1,parent,1,47_01.mp3,47,1,D1,G1,Y,50
G1,parent,2,49_34.mp3,49,34,G1,K1,Y,50
H1,parent,2,58_38.mp3,58,38,H1,C1,Y,50
I1,child,1,49_10.mp3,49,10,B1,I1,Y,50
I1,parent,1,53_01.mp3,53,1,A1,I1,Y,50
A1,child,2,38_35.mp3,38,35,I1,A1,N,51
C1,child,1,72_08.mp3,72,8,A1,C1,Y,51
C1,parent,2,07_32.mp3,7,32,C1,I1,Y,51
E1,child,1,62_06.mp3,62,6,A1,E1,Y,51
E1,parent,1,66_05.mp3,66,5,E1,A1,Y,51
G1,child,1,21_04.mp3,21,4,C1,G1,Y,51
G1,child,2,58_37.mp3,58,37,G1,C1,Y,51
I1,parent,2,33_32.mp3,33,32,I1,C1,Y,51
K1,parent,1,46_03.mp3,46,3,D1,K1,Y,51
K1,parent,2,30_32.mp3,30,32,K1,F1,N,51
C1,parent,2,73_32.mp3,73,32,C1,I1,Y,52
D1,child,2,20_39.mp3,20,39,D1,F1,Y,52
E1,child,2,21_37.mp3,21,37,A1,E1,N,52
F1,child,2,12_37.mp3,12,37,F1,G1,Y,52
F1,parent,1,54_05.mp3,54,5,F1,C1,Y,52
G1,parent,1,45_09.mp3,45,9,G1,K1,Y,52
H1,child,1,34_08.mp3,34,8,A1,H1,Y,52
I1,child,1,10_06.mp3,10,6,I1,E1,Y,52
I1,parent,2,56_34.mp3,56,34,B1,I1,Y,52
K1,child,1,18_04.mp3,18,4,K1,A1,Y,52
A1,child,1,45_04.mp3,45,4,A1,D1,Y,53
A1,parent,2,64_34.mp3,64,34,I1,A1,Y,53
C1,parent,1,58_05.mp3,58,5,C1,E1,Y,53
C1,parent,2,16_36.mp3,16,36,C1,H1,Y,53
D1,parent,1,12_03.mp3,12,3,D1,E1,Y,53
D1,parent,2,17_36.mp3,17,36,K1,D1,Y,53
E1,child,2,10_31.mp3,10,31,E1,B1,Y,53
F1,child,1,32_10.mp3,32,10,F1,K1,Y,53
G1,child,2,55_37.mp3,55,37,G1,C1,Y,53
K1,child,1,49_04.mp3,49,4,F1,K1,Y,53
B1,child,1,75_02.mp3,75,2,B1,D1,Y,54
B1,parent,1,59_07.mp3,59,7,D1,B1,Y,54
C1,parent,1,09_09.mp3,9,9,C1,I1,Y,54
D1,child,2,71_31.mp3,71,31,D1,H1,Y,54
G1,child,1,64_06.mp3,64,6,D1,G1,N,54
G1,child,2,56_33.mp3,56,33,G1,C1,N,54
G1,parent,2,48_32.mp3,48,32,D1,G1,Y,54
H1,child,2,51_31.mp3,51,31,H1,D1,Y,54
I1,parent,1,37_05.mp3,37,5,C1,I1,Y,54
K1,parent,2,54_40.mp3,54,40,A1,K1,Y,54
A1,child,1,27_08.mp3,27,8,K1,A1,Y,55
C1,child,1,62_02.mp3,62,2,A1,C1,Y,55
D1,child,1,32_04.mp3,32,4,D1,H1,Y,55
D1,child,2,61_31.mp3,61,31,E1,D1,Y,55
D1,parent,1,64_05.mp3,64,5,D1,K1,Y,55
H1,child,2,75_39.mp3,75,39,H1,D1,Y,55
H1,parent,2,72_36.mp3,72,36,D1,H1,Y,55
I1,parent,2,20_36.mp3,20,36,A1,I1,Y,55
K1,parent,1,53_32.mp3,53,32,K1,F1,Y,55
K1,parent,2,33_40.mp3,33,40,K1,D1,Y,55
A1,parent,2,49_40.mp3,49,40,K1,A1,Y,56
B1,child,1,17_02.mp3,17,2,B1,K1,Y,56
D1,child,2,53_37.mp3,53,37,K1,D1,Y,56
E1,child,1,44_02.mp3,44,2,E1,A1,Y,56
E1,child,2,53_33.mp3,53,33,B1,E1,Y,56
E1,parent,1,74_03.mp3,74,3,I1,E1,Y,56
G1,child,1,50_08.mp3,50,8,C1,G1,Y,56
G1,parent,1,18_01.mp3,18,1,C1,G1,N,56
H1,parent,2,10_32.mp3,10,32,C1,H1,Y,56
K1,child,2,14_39.mp3,14,39,F1,K1,Y,56
A1,child,1,36_06.mp3,36,6,D1,A1,Y,57
A1,parent,2,57_38.mp3,57,38,A1,H1,Y,57
B1,child,1,43_04.mp3,43,4,B1,D1,Y,57
D1,parent,1,44_09.mp3,44,9,E1,D1,Y,57
D1,parent,2,58_32.mp3,58,32,F1,D1,Y,57
G1,child,1,48_04.mp3,48,4,G1,K1,Y,57
H1,parent,2,52_34.mp3,52,34,A1,H1,Y,57
K1,child,1,60_04.mp3,60,4,F1,K1,Y,57
K1,child,2,50_31.mp3,50,31,K1,A1,Y,57
K1,parent,2,07_34.mp3,7,34,K1,F1,Y,57
B1,child,1,32_02.mp3,32,2,B1,D1,Y,58
B1,child,2,59_33.mp3,59,33,B1,C1,Y,58
C1,child,1,04_02.mp3,4,2,C1,I1,Y,58
C1,child,2,48_39.mp3,48,39,I1,C1,Y,58
E1,child,2,74_31.mp3,74,31,A1,E1,Y,58
G1,parent,1,38_09.mp3,38,9,G1,D1,Y,58
G1,parent,2,33_38.mp3,33,38,K1,G1,Y,58
H1,child,1,17_04.mp3,17,4,H1,C1,Y,58
I1,parent,1,07_01.mp3,7,1,C1,I1,Y,58
K1,parent,2,49_36.mp3,49,36,D1,K1,Y,58
A1,child,2,20_33.mp3,20,33,A1,I1,Y,59
B1,child,1,64_04.mp3,64,4,C1,B1,Y,59
B1,child,2,39_31.mp3,39,31,I1,B1,Y,59
C1,parent,2,66_40.mp3,66,40,C1,E1,Y,59
D1,parent,2,16_32.mp3,16,32,D1,H1,Y,59
E1,child,1,31_06.mp3,31,6,E1,A1,Y,59
H1,parent,1,38_05.mp3,38,5,D1,H1,Y,59
I1,child,1,36_04.mp3,36,4,B1,I1,Y,59
K1,child,1,71_08.mp3,71,8,K1,F1,Y,59
K1,parent,2,72_38.mp3,72,38,A1,K1,Y,59
B1,parent,2,48_38.mp3,48,38,K1,B1,Y,60
C1,child,1,27_06.mp3,27,6,I1,C1,Y,60
E1,child,1,42_10.mp3,42,10,E1,H1,Y,60
E1,parent,2,15_32.mp3,15,32,E1,I1,Y,60
F1,parent,1,74_07.mp3,74,7,F1,C1,Y,60
F1,parent,2,47_34.mp3,47,34,C1,F1,Y,60
G1,child,1,59_08.mp3,59,8,G1,K1,Y,60
G1,parent,1,67_07.mp3,67,7,G1,C1,Y,60
I1,parent,2,68_40.mp3,68,40,B1,I1,Y,60
K1,child,2,04_35.mp3,4,35,A1,K1,Y,60
A1,parent,1,12_07.mp3,12,7,D1,A1,Y,61
D1,parent,1,30_07.mp3,30,7,D1,H1,Y,61
D1,parent,2,28_36.mp3,28,36,D1,K1,Y,61
F1,child,2,55_35.mp3,55,35,G1,F1,Y,61
F1,parent,2,10_36.mp3,10,36,F1,C1,Y,61
G1,child,1,66_04.mp3,66,4,G1,D1,Y,61
G1,child,2,72_33.mp3,72,33,E1,G1,Y,61
G1,parent,1,68_09.mp3,68,9,G1,D1,Y,61
G1,parent,2,28_38.mp3,28,38,G1,K1,Y,61
K1,parent,1,04_01.mp3,4,1,K1,F1,Y,61
B1,child,1,69_06.mp3,69,6,D1,B1,Y,62
B1,child,2,28_37.mp3,28,37,B1,C1,Y,62
B1,parent,1,52_05.mp3,52,5,D1,B1,Y,62
B1,parent,2,35_38.mp3,35,38,B1,I1,Y,62
C1,parent,1,48_03.mp3,48,3,C1,H1,Y,62
E1,child,1,73_02.mp3,73,2,E1,I1,N,62
E1,child,2,60_35.mp3,60,35,H1,E1,Y,62
E1,parent,2,14_38.mp3,14,38,E1,A1,N,62
F1,child,1,20_10.mp3,20,10,F1,C1,Y,62
G1,child,2,27_31.mp3,27,31,K1,G1,Y,62
B1,parent,2,67_34.mp3,67,34,I1,B1,Y,63
C1,child,1,56_08.mp3,56,8,C1,A1,Y,63
E1,child,2,17_33.mp3,17,33,E1,B1,N,63
F1,child,1,40_06.mp3,40,6,F1,C1,Y,63
F1,child,2,74_33.mp3,74,33,G1,F1,Y,63
G1,parent,2,14_32.mp3,14,32,K1,G1,Y,63
H1,child,1,11_08.mp3,11,8,H1,A1,Y,63
I1,child,1,34_06.mp3,34,6,B1,I1,Y,63
I1,parent,2,34_36.mp3,34,36,I1,C1,Y,63
K1,child,1,33_10.mp3,33,10,K1,B1,Y,63
A1,child,2,33_31.mp3,33,31,H1,A1,Y,64
A1,parent,2,39_36.mp3,39,36,A1,H1,Y,64
B1,child,1,37_06.mp3,37,6,K1,B1,Y,64
B1,parent,1,34_01.mp3,34,1,B1,D1,Y,64
D1,child,1,13_02.mp3,13,2,D1,K1,Y,64
D1,child,2,57_31.mp3,57,31,F1,D1,Y,64
E1,parent,2,73_38.mp3,73,38,E1,A1,Y,64
F1,parent,1,73_05.mp3,73,5,F1,K1,N,64
F1,parent,2,60_38.mp3,60,38,F1,C1,Y,64
G1,child,1,61_08.mp3,61,8,G1,E1,Y,64
A1,child,1,39_10.mp3,39,10,D1,A1,Y,65
A1,child,2,18_37.mp3,18,37,A1,I1,Y,65
A1,parent,2,65_34.mp3,65,34,A1,D1,Y,65
B1,child,1,12_06.mp3,12,6,D1,B1,Y,65
C1,child,2,34_35.mp3,34,35,I1,C1,Y,65
E1,parent,1,05_09.mp3,5,9,E1,H1,N,65
F1,child,2,72_31.mp3,72,31,F1,B1,Y,65
G1,parent,2,69_32.mp3,69,32,D1,G1,Y,65
I1,child,1,33_06.mp3,33,6,I1,E1,Y,65
K1,parent,1,40_01.mp3,40,1,A1,K1,Y,65
B1,child,1,68_06.mp3,68,6,I1,B1,Y,66
C1,child,2,31_35.mp3,31,35,E1,C1,Y,66
D1,parent,2,73_34.mp3,73,34,F1,D1,Y,66
E1,parent,2,43_40.mp3,43,40,E1,A1,Y,66
F1,parent,2,51_36.mp3,51,36,F1,C1,Y,66
G1,child,1,71_04.mp3,71,4,G1,E1,Y,66
H1,child,1,49_33.mp3,49,33,H1,E1,Y,66
H1,parent,1,47_07.mp3,47,7,E1,H1,Y,66
I1,parent,1,40_09.mp3,40,9,B1,I1,Y,66
I1,parent,2,38_40.mp3,38,40,I1,E1,Y,66
A1,parent,1,05_05.mp3,5,5,A1,D1,Y,67
B1,child,2,73_33.mp3,73,33,B1,C1,Y,67
C1,child,1,36_10.mp3,36,10,C1,I1,Y,67
C1,parent,2,50_36.mp3,50,36,C1,A1,Y,67
D1,parent,2,68_36.mp3,68,36,K1,D1,Y,67
E1,child,2,18_31.mp3,18,31,E1,H1,Y,67
E1,parent,1,39_09.mp3,39,9,B1,E1,Y,67
F1,child,1,05_02.mp3,5,2,B1,F1,N,67
H1,child,1,09_06.mp3,9,6,C1,H1,Y,67
I1,child,2,71_33.mp3,71,33,B1,I1,N,67
A1,child,1,10_10.mp3,10,10,H1,A1,Y,68
B1,parent,1,49_09.mp3,49,9,B1,K1,Y,68
C1,child,2,58_35.mp3,58,35,C1,A1,Y,68
C1,parent,2,11_40.mp3,11,40,C1,H1,Y,68
D1,child,2,49_31.mp3,49,31,D1,E1,Y,68
E1,parent,1,69_01.mp3,69,1,B1,E1,Y,68
E1,parent,2,67_40.mp3,67,40,I1,E1,Y,68
G1,child,1,44_06.mp3,44,6,D1,G1,Y,68
H1,child,1,44_10.mp3,44,10,H1,A1,Y,68
H1,child,2,53_39.mp3,53,39,D1,H1,Y,68
B1,child,1,56_04.mp3,56,4,B1,K1,Y,69
B1,parent,1,28_01.mp3,28,1,D1,B1,Y,69
C1,child,2,54_33.mp3,54,33,I1,C1,Y,69
C1,parent,2,28_34.mp3,28,34,C1,E1,Y,69
D1,child,2,47_37.mp3,47,37,D1,K1,Y,69
D1,parent,1,51_09.mp3,51,9,E1,D1,Y,69
F1,child,1,38_02.mp3,38,2,G1,F1,N,69
F1,parent,2,20_34.mp3,20,34,F1,G1,Y,69
G1,child,1,57_04.mp3,57,4,E1,G1,Y,69
H1,parent,2,61_36.mp3,61,36,H1,A1,Y,69
A1,child,1,14_08.mp3,14,8,A1,H1,Y,70
A1,child,2,56_37.mp3,56,37,I1,A1,Y,70
A1,parent,1,17_07.mp3,17,7,A1,K1,Y,70
A1,parent,2,52_32.mp3,52,32,I1,A1,Y,70
C1,child,2,14_35.mp3,14,35,I1,C1,Y,70
D1,parent,1,43_05.mp3,43,5,F1,D1,Y,70
E1,parent,1,10_01.mp3,10,1,A1,E1,Y,70
F1,child,1,31_02.mp3,31,2,B1,F1,Y,70
G1,parent,2,60_32.mp3,60,32,C1,G1,Y,70
I1,parent,2,13_40.mp3,13,40,I1,E1,Y,70
A1,child,1,15_02.mp3,15,2,I1,A1,N,71
A1,child,2,35_37.mp3,35,37,K1,A1,Y,71
A1,parent,1,62_05.mp3,62,5,A1,K1,Y,71
D1,parent,2,65_40.mp3,65,40,H1,D1,Y,71
F1,parent,2,14_34.mp3,14,34,F1,K1,Y,71
G1,parent,1,04_07.mp3,4,7,K1,G1,Y,71
G1,parent,2,50_40.mp3,50,40,G1,K1,Y,71
H1,parent,1,57_09.mp3,57,9,H1,A1,Y,71
I1,child,2,14_37.mp3,14,37,I1,E1,Y,71
I1,parent,1,65_01.mp3,65,1,B1,I1,Y,71
A1,child,2,62_31.mp3,62,31,H1,A1,Y,72
A1,parent,2,68_32.mp3,68,32,H1,A1,Y,72
B1,child,1,21_02.mp3,21,2,C1,B1,N,72
B1,parent,1,66_09.mp3,66,9,I1,B1,Y,72
D1,parent,2,72_32.mp3,72,32,H1,D1,Y,72
E1,child,1,20_04.mp3,20,4,E1,A1,Y,72
G1,child,2,75_37.mp3,75,37,G1,C1,Y,72
H1,parent,1,65_07.mp3,65,7,H1,E1,N,72
I1,parent,1,35_05.mp3,35,5,C1,I1,Y,72
I1,parent,2,44_36.mp3,44,36,I1,A1,Y,72
B1,child,1,36_02.mp3,36,2,B1,I1,Y,73
C1,child,2,69_35.mp3,69,35,C1,A1,Y,73
D1,child,2,75_33.mp3,75,33,H1,D1,Y,73
D1,parent,1,33_07.mp3,33,7,H1,D1,Y,73
E1,child,2,05_31.mp3,5,31,E1,I1,Y,73
E1,parent,1,32_07.mp3,32,7,E1,H1,Y,73
F1,parent,2,40_40.mp3,40,40,F1,K1,Y,73
G1,child,1,20_08.mp3,20,8,G1,E1,Y,73
I1,child,1,12_04.mp3,12,4,I1,B1,Y,73
I1,child,2,15_31.mp3,15,31,I1,E1,Y,73
A1,child,2,47_39.mp3,47,39,H1,A1,Y,74
B1,child,1,44_08.mp3,44,8,K1,B1,Y,74
D1,child,2,38_31.mp3,38,31,D1,E1,N,74
E1,parent,1,55_07.mp3,55,7,A1,E1,Y,74
G1,child,1,74_02.mp3,74,2,K1,G1,Y,74
G1,child,2,16_35.mp3,16,35,G1,E1,Y,74
G1,parent,1,36_05.mp3,36,5,E1,G1,Y,74
G1,parent,2,20_32.mp3,20,32,G1,K1,Y,74
K1,child,2,28_31.mp3,28,31,D1,K1,N,74
K1,parent,1,39_05.mp3,39,5,B1,K1,Y,74
A1,parent,1,18_07.mp3,18,7,A1,D1,Y,75
A1,parent,2,32_34.mp3,32,34,H1,A1,Y,75
B1,parent,1,58_09.mp3,58,9,D1,B1,Y,75
C1,child,1,18_02.mp3,18,2,H1,C1,N,75
C1,child,2,68_33.mp3,68,33,H1,C1,Y,75
D1,child,2,51_39.mp3,51,39,F1,D1,Y,75
F1,child,2,11_39.mp3,11,39,F1,C1,Y,75
F1,parent,1,09_03.mp3,9,3,K1,F1,Y,75
H1,parent,1,64_09.mp3,64,9,C1,H1,Y,75
I1,child,2,62_33.mp3,62,33,B1,I1,Y,75
A1,parent,1,35_01.mp3,35,1,H1,A1,Y,76
B1,parent,2,71_38.mp3,71,38,K1,B1,N,76
C1,parent,1,13_36.mp3,13,36,A1,C1,Y,76
D1,child,2,60_39.mp3,60,39,D1,E1,Y,76
G1,child,1,51_06.mp3,51,6,G1,C1,Y,76
G1,child,2,10_33.mp3,10,33,G1,C1,Y,76
H1,parent,2,17_32.mp3,17,32,H1,A1,Y,76
I1,child,1,54_37.mp3,54,37,C1,I1,Y,76
K1,parent,1,74_09.mp3,74,9,F1,K1,Y,76
K1,parent,2,16_40.mp3,16,40,B1,K1,Y,76
A1,child,2,73_35.mp3,73,35,A1,I1,Y,77
B1,child,2,13_39.mp3,13,39,C1,B1,Y,77
C1,child,1,21_06.mp3,21,6,C1,A1,N,77
D1,child,2,21_33.mp3,21,33,D1,E1,N,77
D1,parent,2,70_36.mp3,70,36,D1,E1,Y,77
E1,child,1,46_02.mp3,46,2,E1,H1,Y,77
E1,child,2,52_31.mp3,52,31,E1,H1,Y,77
F1,child,1,14_10.mp3,14,10,F1,G1,Y,77
G1,parent,1,75_05.mp3,75,5,D1,G1,Y,77
I1,child,1,74_10.mp3,74,10,I1,C1,Y,77
A1,child,1,52_04.mp3,52,4,K1,A1,N,78
C1,child,1,52_06.mp3,52,6,C1,A1,Y,78
C1,parent,2,40_32.mp3,40,32,C1,A1,Y,78
E1,child,1,04_04.mp3,4,4,E1,B1,Y,78
E1,parent,1,72_07.mp3,72,7,E1,H1,Y,78
F1,child,1,37_04.mp3,37,4,F1,G1,Y,78
F1,child,2,71_37.mp3,71,37,B1,F1,Y,78
H1,parent,2,45_36.mp3,45,36,H1,C1,Y,78
I1,parent,2,36_36.mp3,36,36,I1,E1,Y,78
K1,child,2,73_31.mp3,73,31,K1,D1,Y,78
A1,parent,2,27_32.mp3,27,32,A1,H1,Y,79
B1,parent,1,61_05.mp3,61,5,I1,B1,Y,79
C1,parent,2,38_32.mp3,38,32,C1,A1,Y,79
D1,child,1,28_08.mp3,28,8,H1,D1,N,79
F1,child,2,66_39.mp3,66,39,C1,F1,Y,79
F1,parent,1,68_07.mp3,68,7,F1,B1,Y,79
G1,parent,1,16_03.mp3,16,3,D1,G1,Y,79
H1,child,2,50_39.mp3,50,39,H1,D1,Y,79
H1,parent,1,04_05.mp3,4,5,H1,E1,Y,79
H1,parent,2,60_40.mp3,60,40,D1,H1,Y,79
A1,parent,2,14_36.mp3,14,36,D1,A1,Y,80
D1,parent,1,38_01.mp3,38,1,K1,D1,Y,80
D1,parent,2,69_34.mp3,69,34,F1,D1,Y,80
E1,parent,2,70_40.mp3,70,40,I1,E1,Y,80
F1,child,2,45_39.mp3,45,39,F1,G1,Y,80
F1,parent,1,18_03.mp3,18,3,C1,F1,Y,80
G1,child,1,39_02.mp3,39,2,K1,G1,Y,80
H1,parent,1,50_07.mp3,50,7,E1,H1,Y,80
H1,parent,2,05_38.mp3,5,38,H1,C1,Y,80
I1,parent,1,67_03.mp3,67,3,I1,B1,Y,80
A1,parent,1,67_09.mp3,67,9,H1,A1,Y,81
B1,child,1,18_08.mp3,18,8,D1,B1,Y,81
B1,child,2,15_35.mp3,15,35,K1,B1,N,81
B1,parent,1,26_05.mp3,26,5,C1,B1,Y,81
D1,child,2,09_35.mp3,9,35,H1,D1,Y,81
E1,child,2,56_31.mp3,56,31,E1,I1,Y,81
F1,parent,1,17_01.mp3,17,1,C1,F1,Y,81
F1,parent,2,38_34.mp3,38,34,F1,K1,Y,81
H1,child,1,45_08.mp3,45,8,H1,E1,Y,81
I1,child,2,58_39.mp3,58,39,B1,I1,Y,81
A1,child,2,74_37.mp3,74,37,A1,I1,Y,82
C1,parent,2,39_38.mp3,39,38,C1,E1,Y,82
D1,child,1,16_02.mp3,16,2,K1,D1,N,82
E1,child,1,27_02.mp3,27,2,I1,E1,Y,82
E1,parent,1,33_05.mp3,33,5,E1,B1,Y,82
E1,parent,2,59_40.mp3,59,40,E1,I1,Y,82
F1,child,2,52_37.mp3,52,37,C1,F1,Y,82
F1,parent,1,75_01.mp3,75,1,B1,F1,Y,82
G1,child,1,05_08.mp3,5,8,G1,C1,N,82
H1,parent,2,44_40.mp3,44,40,D1,H1,Y,82
B1,child,2,27_33.mp3,27,33,K1,B1,Y,83
C1,child,1,05_33.mp3,5,33,C1,A1,Y,83
C1,child,2,26_33.mp3,26,33,E1,C1,Y,83
E1,child,1,43_08.mp3,43,8,I1,E1,Y,83
E1,parent,1,30_03.mp3,30,3,I1,E1,Y,83
F1,parent,2,13_34.mp3,13,34,F1,K1,Y,83
G1,parent,1,54_01.mp3,54,1,G1,D1,Y,83
H1,child,2,38_37.mp3,38,37,C1,H1,N,83
K1,child,2,39_39.mp3,39,39,K1,D1,Y,83
K1,parent,1,64_07.mp3,64,7,K1,B1,Y,83
A1,child,1,37_10.mp3,37,10,K1,A1,Y,84
A1,child,2,05_37.mp3,5,37,A1,H1,Y,84
A1,parent,2,21_34.mp3,21,34,K1,A1,Y,84
B1,child,2,52_35.mp3,52,35,C1,B1,Y,84
D1,parent,1,46_07.mp3,46,7,D1,F1,Y,84
E1,child,1,26_06.mp3,26,6,B1,E1,Y,84
E1,parent,1,68_03.mp3,68,3,E1,H1,Y,84
G1,parent,2,17_38.mp3,17,38,E1,G1,Y,84
H1,parent,1,69_07.mp3,69,7,H1,E1,Y,84
K1,child,2,48_33.mp3,48,33,B1,K1,Y,84
B1,child,2,49_39.mp3,49,39,C1,B1,Y,85
E1,child,1,14_02.mp3,14,2,H1,E1,Y,85
E1,parent,1,51_03.mp3,51,3,A1,E1,Y,85
E1,parent,2,07_36.mp3,7,36,H1,E1,Y,85
F1,parent,2,58_34.mp3,58,34,B1,F1,Y,85
G1,parent,2,66_34.mp3,66,34,G1,C1,Y,85
H1,parent,1,14_05.mp3,14,5,H1,E1,Y,85
I1,parent,1,05_07.mp3,5,7,I1,E1,Y,85
K1,child,1,54_02.mp3,54,2,K1,F1,Y,85
K1,parent,2,60_34.mp3,60,34,K1,A1,Y,85
A1,child,2,42_31.mp3,42,31,A1,K1,Y,86
A1,parent,1,26_09.mp3,26,9,H1,A1,Y,86
B1,child,1,53_04.mp3,53,4,B1,D1,Y,86
C1,child,2,64_31.mp3,64,31,C1,H1,Y,86
C1,parent,1,43_07.mp3,43,7,C1,H1,Y,86
D1,child,2,48_37.mp3,48,37,D1,K1,Y,86
E1,child,2,36_35.mp3,36,35,E1,B1,Y,86
E1,parent,1,37_09.mp3,37,9,E1,A1,Y,86
H1,parent,1,62_07.mp3,62,7,C1,H1,Y,86
I1,parent,2,66_32.mp3,66,32,I1,C1,Y,86
A1,parent,1,44_03.mp3,44,3,A1,D1,Y,87
B1,child,1,30_04.mp3,30,4,B1,C1,Y,87
C1,parent,1,12_05.mp3,12,5,A1,C1,Y,87
C1,parent,2,37_32.mp3,37,32,C1,I1,Y,87
D1,parent,2,50_32.mp3,50,32,K1,D1,Y,87
E1,child,2,13_31.mp3,13,31,I1,E1,Y,87
F1,parent,1,44_07.mp3,44,7,B1,F1,Y,87
G1,child,1,14_06.mp3,14,6,G1,D1,Y,87
G1,child,2,15_37.mp3,15,37,G1,C1,N,87
K1,child,2,74_35.mp3,74,35,K1,B1,Y,87
A1,child,2,44_37.mp3,44,37,K1,A1,Y,88
A1,parent,1,20_05.mp3,20,5,A1,H1,Y,88
B1,child,1,46_10.mp3,46,10,B1,D1,Y,88
C1,parent,2,71_34.mp3,71,34,I1,C1,Y,88
G1,child,1,28_04.mp3,28,4,G1,E1,N,88
G1,child,2,32_37.mp3,32,37,C1,G1,Y,88
I1,child,1,26_04.mp3,26,4,I1,A1,Y,88
I1,child,2,40_35.mp3,40,35,I1,E1,Y,88
I1,parent,1,50_05.mp3,50,5,I1,E1,Y,88
K1,child,2,13_33.mp3,13,33,F1,K1,Y,88
A1,parent,1,71_05.mp3,71,5,K1,A1,Y,89
B1,child,2,34_39.mp3,34,39,B1,C1,Y,89
C1,parent,1,15_09.mp3,15,9,C1,E1,Y,89
F1,child,1,15_08.mp3,15,8,F1,C1,Y,89
G1,child,1,17_08.mp3,17,8,G1,D1,Y,89
G1,child,2,18_39.mp3,18,39,E1,G1,Y,89
G1,parent,2,65_32.mp3,65,32,K1,G1,Y,89
H1,child,2,14_31.mp3,14,31,H1,A1,Y,89
I1,child,1,56_06.mp3,56,6,C1,I1,Y,89
I1,parent,2,75_34.mp3,75,34,C1,I1,Y,89
A1,child,1,46_04.mp3,46,4,A1,H1,Y,90
D1,child,2,59_39.mp3,59,39,D1,K1,Y,90
E1,child,1,12_10.mp3,12,10,A1,E1,N,90
F1,child,2,39_35.mp3,39,35,G1,F1,Y,90
F1,parent,1,65_05.mp3,65,5,B1,F1,Y,90
G1,parent,1,72_01.mp3,72,1,K1,G1,N,90
H1,child,2,69_31.mp3,69,31,H1,A1,Y,90
H1,parent,1,35_03.mp3,35,3,C1,H1,Y,90
I1,child,2,16_33.mp3,16,33,B1,I1,Y,90
K1,parent,2,15_36.mp3,15,36,K1,F1,Y,90
A1,parent,1,56_09.mp3,56,9,H1,A1,Y,91
A1,parent,2,53_36.mp3,53,36,D1,A1,Y,91
F1,child,1,10_08.mp3,10,8,K1,F1,Y,91
G1,child,1,33_02.mp3,33,2,G1,C1,Y,91
G1,parent,2,43_32.mp3,43,32,G1,C1,Y,91
I1,child,1,61_02.mp3,61,2,B1,I1,Y,91
I1,parent,2,45_34.mp3,45,34,I1,E1,Y,91
K1,child,1,52_10.mp3,52,10,B1,K1,Y,91
K1,child,2,45_31.mp3,45,31,K1,B1,Y,91
K1,parent,2,12_38.mp3,12,38,K1,F1,Y,91
C1,child,1,20_02.mp3,20,2,C1,E1,Y,92
E1,child,2,39_37.mp3,39,37,E1,H1,Y,92
E1,parent,1,49_03.mp3,49,3,H1,E1,Y,92
E1,parent,2,20_38.mp3,20,38,E1,H1,Y,92
F1,child,1,51_10.mp3,51,10,B1,F1,Y,92
F1,child,2,54_35.mp3,54,35,K1,F1,Y,92
F1,parent,2,42_40.mp3,42,40,F1,K1,Y,92
G1,child,1,46_06.mp3,46,6,G1,C1,Y,92
H1,child,2,43_35.mp3,43,35,H1,E1,Y,92
I1,child,1,69_10.mp3,69,10,A1,I1,Y,92
A1,child,1,66_08.mp3,66,8,H1,A1,Y,93
B1,child,1,54_06.mp3,54,6,B1,K1,Y,93
C1,parent,2,33_34.mp3,33,34,C1,H1,Y,93
D1,parent,1,39_07.mp3,39,7,D1,E1,Y,93
E1,child,1,07_10.mp3,7,10,I1,E1,Y,93
F1,child,2,21_35.mp3,21,35,C1,F1,Y,93
F1,parent,1,43_09.mp3,43,9,F1,C1,Y,93
H1,child,2,74_39.mp3,74,39,E1,H1,Y,93
K1,child,2,40_33.mp3,40,33,K1,F1,Y,93
K1,parent,2,09_32.mp3,9,32,B1,K1,Y,93
A1,child,2,11_31.mp3,11,31,K1,A1,Y,94
A1,parent,1,55_05.mp3,55,5,A1,D1,Y,94
B1,child,2,09_39.mp3,9,39,B1,I1,Y,94
D1,parent,1,36_07.mp3,36,7,E1,D1,Y,94
G1,parent,1,73_09.mp3,73,9,C1,G1,Y,94
G1,parent,2,64_38.mp3,64,38,C1,G1,Y,94
H1,child,2,65_33.mp3,65,33,D1,H1,Y,94
H1,parent,1,07_03.mp3,7,3,H1,E1,Y,94
H1,parent,2,30_34.mp3,30,34,H1,E1,Y,94
K1,child,1,09_10.mp3,9,10,D1,K1,Y,94
A1,parent,1,75_07.mp3,75,7,K1,A1,Y,95
A1,parent,2,30_40.mp3,30,40,A1,K1,Y,95
D1,child,1,69_02.mp3,69,2,K1,D1,Y,95
F1,child,2,36_33.mp3,36,33,F1,K1,Y,95
H1,child,2,31_39.mp3,31,39,H1,E1,Y,95
I1,child,1,43_10.mp3,43,10,I1,C1,Y,95
I1,parent,2,48_36.mp3,48,36,C1,I1,Y,95
K1,child,1,30_06.mp3,30,6,D1,K1,Y,95
K1,parent,1,50_01.mp3,50,1,B1,K1,Y,95
K1,parent,2,47_32.mp3,47,32,K1,B1,Y,95
A1,parent,1,43_03.mp3,43,3,A1,K1,Y,96
B1,parent,1,39_03.mp3,39,3,B1,D1,Y,96
B1,parent,2,64_36.mp3,64,36,I1,B1,Y,96
C1,child,1,73_04.mp3,73,4,C1,H1,Y,96
C1,parent,2,47_36.mp3,47,36,C1,I1,Y,96
D1,parent,2,32_38.mp3,32,38,D1,E1,Y,96
F1,child,1,42_04.mp3,42,4,F1,B1,Y,96
F1,child,2,64_33.mp3,64,33,C1,F1,Y,96
G1,child,2,37_33.mp3,37,33,G1,K1,Y,96
I1,child,1,17_06.mp3,17,6,I1,C1,Y,96
A1,parent,1,72_05.mp3,72,5,A1,K1,Y,97
B1,parent,2,07_40.mp3,7,40,B1,C1,Y,97
C1,child,2,60_33.mp3,60,33,E1,C1,Y,97
C1,parent,2,52_38.mp3,52,38,H1,C1,Y,97
E1,child,1,15_06.mp3,15,6,E1,B1,N,97
F1,parent,2,61_34.mp3,61,34,F1,B1,Y,97
G1,child,1,53_08.mp3,53,8,G1,E1,Y,97
H1,parent,1,18_09.mp3,18,9,H1,E1,Y,97
K1,child,1,34_10.mp3,34,10,K1,A1,Y,97
K1,parent,2,21_38.mp3,21,38,K1,B1,Y,97
A1,parent,2,40_34.mp3,40,34,I1,A1,Y,98
B1,parent,2,54_32.mp3,54,32,C1,B1,Y,98
D1,child,1,70_06.mp3,70,6,D1,H1,Y,98
D1,parent,1,62_01.mp3,62,1,D1,F1,Y,98
D1,parent,2,67_38.mp3,67,38,D1,H1,N,98
F1,parent,1,52_09.mp3,52,9,B1,F1,Y,98
F1,parent,2,62_38.mp3,62,38,F1,G1,Y,98
H1,child,1,61_10.mp3,61,10,H1,C1,Y,98
H1,child,2,20_31.mp3,20,31,C1,H1,Y,98
I1,parent,1,16_07.mp3,16,7,I1,E1,Y,98
A1,child,1,54_04.mp3,54,4,I1,A1,Y,99
A1,parent,2,66_36.mp3,66,36,A1,K1,Y,99
B1,child,1,14_04.mp3,14,4,B1,D1,Y,99
C1,child,2,42_35.mp3,42,35,C1,E1,Y,99
C1,parent,2,70_38.mp3,70,38,H1,C1,Y,99
E1,parent,1,16_01.mp3,16,1,H1,E1,Y,99
F1,child,2,57_39.mp3,57,39,C1,F1,Y,99
G1,parent,2,62_34.mp3,62,34,G1,E1,Y,99
I1,child,1,09_04.mp3,9,4,I1,A1,Y,99
K1,child,1,65_10.mp3,65,10,K1,B1,Y,99
A1,parent,1,33_09.mp3,33,9,K1,A1,Y,100
C1,child,1,51_02.mp3,51,2,I1,C1,Y,100
C1,child,2,12_31.mp3,12,31,H1,C1,Y,100
E1,parent,2,11_32.mp3,11,32,E1,I1,Y,100
F1,child,2,50_37.mp3,50,37,K1,F1,Y,100
G1,parent,2,12_40.mp3,12,40,E1,G1,Y,100
I1,child,1,64_08.mp3,64,8,E1,I1,Y,100
I1,parent,1,71_07.mp3,71,7,A1,I1,Y,100
I1,parent,2,61_40.mp3,61,40,I1,A1,Y,100
K1,parent,1,69_05.mp3,69,5,K1,A1,Y,100
C1,parent,1,59_03.mp3,59,3,C1,A1,Y,101
D1,child,2,36_37.mp3,36,37,D1,K1,Y,101
D1,parent,1,75_03.mp3,75,3,D1,E1,Y,101
E1,child,2,32_33.mp3,32,33,E1,B1,Y,101
E1,parent,2,57_34.mp3,57,34,E1,A1,Y,101
F1,child,2,43_31.mp3,43,31,F1,K1,Y,101
F1,parent,1,26_03.mp3,26,3,B1,F1,Y,101
H1,child,2,12_33.mp3,12,33,D1,H1,Y,101
K1,child,1,37_08.mp3,37,8,F1,K1,Y,101
K1,parent,1,56_07.mp3,56,7,D1,K1,Y,101
A1,child,1,16_06.mp3,16,6,A1,K1,Y,102
A1,parent,1,11_09.mp3,11,9,A1,H1,Y,102
B1,parent,2,12_36.mp3,12,36,C1,B1,Y,102
C1,child,1,39_04.mp3,39,4,C1,A1,Y,102
D1,child,1,65_02.mp3,65,2,E1,D1,Y,102
D1,child,2,10_35.mp3,10,35,D1,H1,Y,102
G1,parent,1,31_01.mp3,31,1,C1,G1,N,102
H1,child,2,54_39.mp3,54,39,C1,H1,Y,102
I1,child,2,46_35.mp3,46,35,I1,E1,Y,102
K1,parent,2,18_34.mp3,18,34,K1,B1,Y,102
A1,parent,2,51_38.mp3,51,38,I1,A1,Y,103
B1,child,1,57_10.mp3,57,10,C1,B1,Y,103
B1,parent,1,51_05.mp3,51,5,B1,K1,Y,103
B1,parent,2,43_36.mp3,43,36,B1,K1,Y,103
D1,child,1,42_06.mp3,42,6,D1,E1,Y,103
D1,parent,1,49_07.mp3,49,7,F1,D1,Y,103
E1,child,2,16_31.mp3,16,31,E1,B1,Y,103
H1,child,1,70_08.mp3,70,8,C1,H1,Y,103
H1,child,2,55_33.mp3,55,33,H1,D1,Y,103
I1,parent,2,10_40.mp3,10,40,C1,I1,Y,103
B1,child,2,16_39.mp3,16,39,B1,C1,Y,104
C1,child,1,47_10.mp3,47,10,H1,C1,Y,104
C1,parent,1,32_09.mp3,32,9,C1,I1,Y,104
D1,parent,1,40_03.mp3,40,3,D1,E1,Y,104
F1,parent,2,35_40.mp3,35,40,C1,F1,Y,104
G1,parent,2,57_36.mp3,57,36,D1,G1,Y,104
H1,child,2,68_39.mp3,68,39,D1,H1,Y,104
H1,parent,1,43_01.mp3,43,1,C1,H1,Y,104
I1,child,1,57_06.mp3,57,6,A1,I1,Y,104
I1,child,2,37_39.mp3,37,39,I1,A1,Y,104
A1,child,1,51_04.mp3,51,4,K1,A1,Y,105
A1,parent,2,28_40.mp3,28,40,A1,I1,Y,105
C1,parent,2,20_40.mp3,20,40,A1,C1,Y,105
D1,child,2,12_39.mp3,12,39,H1,D1,Y,105
F1,parent,1,30_09.mp3,30,9,C1,F1,N,105
G1,parent,1,55_01.mp3,55,1,D1,G1,Y,105
H1,parent,1,66_03.mp3,66,3,H1,E1,Y,105
I1,child,2,04_39.mp3,4,39,I1,A1,Y,105
K1,child,1,38_04.mp3,38,4,D1,K1,Y,105
K1,child,2,46_33.mp3,46,33,K1,B1,Y,105
A1,child,1,57_08.mp3,57,8,I1,A1,Y,106
A1,child,2,43_33.mp3,43,33,H1,A1,Y,106
B1,parent,2,32_32.mp3,32,32,B1,I1,Y,106
C1,child,1,38_08.mp3,38,8,C1,E1,Y,106
D1,parent,2,55_38.mp3,55,38,D1,H1,Y,106
E1,parent,1,47_03.mp3,47,3,E1,H1,N,106
H1,parent,1,15_01.mp3,15,1,C1,H1,Y,106
I1,child,2,32_39.mp3,32,39,A1,I1,Y,106
I1,parent,2,55_36.mp3,55,36,C1,I1,Y,106
K1,parent,1,73_01.mp3,73,1,B1,K1,Y,106
A1,child,1,50_04.mp3,50,4,I1,A1,Y,107
A1,parent,1,69_03.mp3,69,3,H1,A1,Y,107
B1,child,1,33_04.mp3,33,4,B1,D1,Y,107
C1,child,1,16_10.mp3,16,10,C1,E1,N,107
C1,child,2,17_37.mp3,17,37,C1,H1,N,107
D1,parent,1,27_09.mp3,27,9,D1,H1,Y,107
D1,parent,2,34_40.mp3,34,40,K1,D1,Y,107
H1,child,2,28_33.mp3,28,33,E1,H1,N,107
H1,parent,2,34_34.mp3,34,34,H1,E1,Y,107
I1,child,2,21_39.mp3,21,39,A1,I1,Y,107
A1,child,1,59_04.mp3,59,4,A1,K1,Y,108
B1,parent,1,70_03.mp3,70,3,B1,D1,Y,108
C1,parent,2,56_40.mp3,56,40,H1,C1,Y,108
D1,child,2,43_39.mp3,43,39,D1,E1,Y,108
E1,parent,1,28_05.mp3,28,5,E1,I1,Y,108
E1,parent,2,12_32.mp3,12,32,H1,E1,Y,108
G1,parent,1,15_03.mp3,15,3,D1,G1,Y,108
I1,parent,2,28_32.mp3,28,32,C1,I1,Y,108
K1,parent,1,10_05.mp3,10,5,D1,K1,Y,108
K1,parent,2,55_34.mp3,55,34,B1,K1,Y,108
B1,child,1,07_04.mp3,7,4,K1,B1,Y,109
B1,parent,2,68_38.mp3,68,38,B1,D1,Y,109
C1,child,1,40_02.mp3,40,2,H1,C1,Y,109
C1,parent,1,44_05.mp3,44,5,C1,A1,Y,109
D1,child,1,72_04.mp3,72,4,D1,K1,Y,109
D1,parent,1,35_32.mp3,35,32,D1,H1,Y,109
D1,parent,2,05_36.mp3,5,36,F1,D1,Y,109
G1,child,2,34_33.mp3,34,33,G1,C1,Y,109
H1,child,2,47_31.mp3,47,31,H1,D1,Y,109
I1,parent,2,11_36.mp3,11,36,I1,C1,Y,109
A1,child,2,60_37.mp3,60,37,H1,A1,Y,110
A1,parent,1,31_03.mp3,31,3,I1,A1,Y,110
B1,parent,1,40_05.mp3,40,5,B1,I1,Y,110
B1,parent,2,18_40.mp3,18,40,K1,B1,Y,110
C1,parent,2,51_32.mp3,51,32,E1,C1,Y,110
G1,parent,1,32_05.mp3,32,5,G1,D1,Y,110
G1,parent,2,26_32.mp3,26,32,G1,D1,Y,110
H1,child,1,71_02.mp3,71,2,H1,E1,Y,110
H1,parent,1,42_03.mp3,42,3,H1,A1,Y,110
K1,parent,2,65_36.mp3,65,36,K1,D1,Y,110
A1,child,1,53_10.mp3,53,10,A1,I1,Y,111
A1,parent,2,58_40.mp3,58,40,I1,A1,Y,111
C1,child,2,49_35.mp3,49,35,C1,A1,Y,111
E1,child,2,58_33.mp3,58,33,E1,A1,Y,111
F1,child,2,46_39.mp3,46,39,B1,F1,Y,111
G1,child,2,67_37.mp3,67,37,G1,D1,Y,111
H1,child,1,73_10.mp3,73,10,A1,H1,Y,111
I1,child,1,51_08.mp3,51,8,A1,I1,Y,111
I1,parent,1,46_05.mp3,46,5,A1,I1,Y,111
K1,child,1,15_04.mp3,15,4,B1,K1,N,111
B1,parent,2,47_38.mp3,47,38,C1,B1,Y,112
C1,parent,1,14_03.mp3,14,3,C1,H1,Y,112
D1,child,2,26_39.mp3,26,39,F1,D1,Y,112
D1,parent,1,53_03.mp3,53,3,H1,D1,Y,112
E1,child,1,45_06.mp3,45,6,I1,E1,Y,112
F1,parent,1,28_03.mp3,28,3,F1,G1,Y,112
F1,parent,2,59_34.mp3,59,34,F1,G1,Y,112
I1,parent,2,49_32.mp3,49,32,A1,I1,Y,112
K1,child,1,58_06.mp3,58,6,K1,A1,N,112
K1,parent,2,75_38.mp3,75,38,K1,B1,Y,112
C1,parent,2,72_40.mp3,72,40,C1,I1,Y,113
E1,child,1,65_04.mp3,65,4,I1,E1,Y,113
E1,child,2,35_39.mp3,35,39,E1,H1,Y,113
F1,child,1,67_08.mp3,67,8,F1,B1,Y,113
F1,child,2,75_31.mp3,75,31,F1,G1,Y,113
G1,child,1,70_02.mp3,70,2,C1,G1,Y,113
H1,child,1,26_10.mp3,26,10,C1,H1,Y,113
I1,child,2,59_31.mp3,59,31,E1,I1,Y,113
I1,parent,1,70_01.mp3,70,1,A1,I1,Y,113
K1,child,2,56_35.mp3,56,35,K1,A1,Y,113
A1,child,1,49_02.mp3,49,2,I1,A1,Y,114
B1,parent,2,60_36.mp3,60,36,C1,B1,Y,114
C1,parent,2,55_40.mp3,55,40,C1,E1,Y,114
E1,child,2,68_37.mp3,68,37,A1,E1,N,114
F1,child,2,44_33.mp3,44,33,F1,G1,Y,114
G1,child,1,60_10.mp3,60,10,E1,G1,N,114
H1,child,1,16_08.mp3,16,8,H1,C1,Y,114
H1,parent,1,55_03.mp3,55,3,A1,H1,Y,114
I1,parent,2,64_32.mp3,64,32,C1,I1,Y,114
K1,child,1,42_02.mp3,42,2,K1,B1,Y,114
