audio,subid,trial,target,leftpic,rightpic,correct,person
04_01.mp3,4,1,K1,K1,F1,Y,parent
04_02.mp3,4,2,C1,C1,I1,Y,child
04_03.mp3,4,3,I1,B1,I1,Y,parent
04_04.mp3,4,4,E1,E1,B1,Y,child
04_05.mp3,4,5,H1,H1,E1,Y,parent
04_06.mp3,4,6,B1,C1,B1,Y,child
04_07.mp3,4,7,G1,K1,G1,Y,parent
04_08.mp3,4,8,A1,A1,I1,Y,child
04_09.mp3,4,9,D1,D1,E1,Y,parent
04_10.mp3,4,10,F1,F1,K1,Y,child
04_32.mp3,4,32,F1,F1,G1,Y,parent
04_33.mp3,4,33,G1,G1,C1,Y,child
04_34.mp3,4,34,A1,D1,A1,Y,parent
04_35.mp3,4,35,K1,A1,K1,Y,child
04_36.mp3,4,36,C1,C1,E1,Y,parent
04_37.mp3,4,37,D1,D1,K1,Y,child
04_38.mp3,4,38,E1,I1,E1,Y,parent
04_39.mp3,4,39,I1,I1,A1,Y,child
05_02.mp3,5,2,F1,B1,F1,N,child
05_03.mp3,5,3,K1,K1,D1,Y,parent
05_04.mp3,5,4,B1,I1,B1,Y,child
05_05.mp3,5,5,A1,A1,D1,Y,parent
05_06.mp3,5,6,H1,E1,H1,Y,child
05_07.mp3,5,7,I1,I1,E1,Y,parent
05_08.mp3,5,8,G1,G1,C1,N,child
05_09.mp3,5,9,E1,E1,H1,N,parent
05_10.mp3,5,10,D1,D1,E1,Y,child
05_31.mp3,5,31,E1,E1,I1,Y,child
05_33.mp3,5,33,C1,C1,A1,Y,child
05_35.mp3,5,35,K1,K1,A1,Y,child
05_36.mp3,5,36,D1,F1,D1,Y,parent
05_37.mp3,5,37,A1,A1,H1,Y,child
05_38.mp3,5,38,H1,H1,C1,Y,parent
05_39.mp3,5,39,I1,I1,C1,Y,child
07_01.mp3,7,1,I1,C1,I1,Y,parent
07_02.mp3,7,2,C1,C1,E1,Y,child
07_03.mp3,7,3,H1,H1,E1,Y,parent
07_04.mp3,7,4,B1,K1,B1,Y,child
07_05.mp3,7,5,D1,F1,D1,Y,parent
07_06.mp3,7,6,K1,A1,K1,Y,child
07_07.mp3,7,7,G1,C1,G1,Y,parent
07_08.mp3,7,8,A1,A1,H1,Y,child
07_09.mp3,7,9,F1,G1,F1,Y,parent
07_10.mp3,7,10,E1,I1,E1,Y,child
07_31.mp3,7,31,D1,D1,H1,Y,child
07_32.mp3,7,32,C1,C1,I1,Y,parent
07_34.mp3,7,34,K1,K1,F1,Y,parent
07_36.mp3,7,36,E1,H1,E1,Y,parent
07_37.mp3,7,37,G1,G1,E1,Y,child
07_38.mp3,7,38,A1,K1,A1,Y,parent
07_40.mp3,7,40,B1,B1,C1,Y,parent
09_01.mp3,9,1,B1,K1,B1,Y,parent
09_02.mp3,9,2,G1,G1,K1,Y,child
09_03.mp3,9,3,F1,K1,F1,Y,parent
09_04.mp3,9,4,I1,I1,A1,Y,child
09_05.mp3,9,5,D1,F1,D1,Y,parent
09_06.mp3,9,6,H1,C1,H1,Y,child
09_07.mp3,9,7,E1,E1,H1,Y,parent
09_08.mp3,9,8,A1,K1,A1,Y,child
09_09.mp3,9,9,C1,C1,I1,Y,parent
09_10.mp3,9,10,K1,D1,K1,Y,child
09_31.mp3,9,31,F1,B1,F1,Y,child
09_32.mp3,9,32,K1,B1,K1,Y,parent
09_33.mp3,9,33,E1,I1,E1,Y,child
09_34.mp3,9,34,G1,E1,G1,Y,parent
09_35.mp3,9,35,D1,H1,D1,Y,child
09_37.mp3,9,37,C1,A1,C1,Y,child
09_38.mp3,9,38,A1,A1,D1,Y,parent
09_39.mp3,9,39,B1,B1,I1,Y,child
09_40.mp3,9,40,H1,D1,H1,Y,parent
10_01.mp3,10,1,E1,A1,E1,Y,parent
10_02.mp3,10,2,H1,E1,H1,Y,child
10_03.mp3,10,3,D1,D1,F1,Y,parent
10_04.mp3,10,4,C1,C1,A1,Y,child
10_05.mp3,10,5,K1,D1,K1,Y,parent
10_06.mp3,10,6,I1,I1,E1,Y,child
10_07.mp3,10,7,B1,B1,K1,Y,parent
10_08.mp3,10,8,F1,K1,F1,Y,child
10_09.mp3,10,9,G1,D1,G1,Y,parent
10_10.mp3,10,10,A1,H1,A1,Y,child
10_31.mp3,10,31,E1,E1,B1,Y,child
10_32.mp3,10,32,H1,C1,H1,Y,parent
10_33.mp3,10,33,G1,G1,C1,Y,child
10_34.mp3,10,34,A1,A1,I1,Y,parent
10_35.mp3,10,35,D1,D1,H1,Y,child
10_36.mp3,10,36,F1,F1,C1,Y,parent
10_37.mp3,10,37,B1,I1,B1,Y,child
10_38.mp3,10,38,C1,C1,E1,Y,parent
10_39.mp3,10,39,K1,B1,K1,Y,child
10_40.mp3,10,40,I1,C1,I1,Y,parent
11_02.mp3,11,2,E1,B1,E1,Y,child
11_03.mp3,11,3,K1,F1,K1,Y,parent
11_04.mp3,11,4,B1,B1,C1,Y,child
11_05.mp3,11,5,G1,G1,E1,Y,parent
11_06.mp3,11,6,C1,C1,E1,Y,child
11_07.mp3,11,7,F1,F1,G1,Y,parent
11_08.mp3,11,8,H1,H1,A1,Y,child
11_09.mp3,11,9,A1,A1,H1,Y,parent
11_10.mp3,11,10,I1,B1,I1,Y,child
11_31.mp3,11,31,A1,K1,A1,Y,child
11_32.mp3,11,32,E1,E1,I1,Y,parent
11_33.mp3,11,33,K1,K1,B1,Y,child
11_34.mp3,11,34,H1,C1,H1,Y,parent
11_35.mp3,11,35,D1,H1,D1,Y,child
11_36.mp3,11,36,I1,I1,C1,Y,parent
11_37.mp3,11,37,G1,K1,G1,Y,child
11_38.mp3,11,38,B1,B1,I1,Y,parent
11_39.mp3,11,39,F1,F1,C1,Y,child
11_40.mp3,11,40,C1,C1,H1,Y,parent
12_01.mp3,12,1,H1,A1,H1,Y,parent
12_02.mp3,12,2,G1,G1,C1,N,child
12_03.mp3,12,3,D1,D1,E1,Y,parent
12_04.mp3,12,4,I1,I1,B1,Y,child
12_05.mp3,12,5,C1,A1,C1,Y,parent
12_06.mp3,12,6,B1,D1,B1,Y,child
12_07.mp3,12,7,A1,D1,A1,Y,parent
12_08.mp3,12,8,K1,K1,A1,Y,child
12_09.mp3,12,9,F1,F1,C1,N,parent
12_10.mp3,12,10,E1,A1,E1,N,child
12_31.mp3,12,31,C1,H1,C1,Y,child
12_32.mp3,12,32,E1,H1,E1,Y,parent
12_33.mp3,12,33,H1,D1,H1,Y,child
12_34.mp3,12,34,I1,A1,I1,Y,parent
12_35.mp3,12,35,A1,K1,A1,N,child
12_36.mp3,12,36,B1,C1,B1,Y,parent
12_37.mp3,12,37,F1,F1,G1,Y,child
12_38.mp3,12,38,K1,K1,F1,Y,parent
12_39.mp3,12,39,D1,H1,D1,Y,child
12_40.mp3,12,40,G1,E1,G1,Y,parent
13_01.mp3,13,1,K1,A1,K1,Y,parent
13_02.mp3,13,2,D1,D1,K1,Y,child
13_03.mp3,13,3,B1,B1,I1,Y,parent
13_05.mp3,13,5,G1,D1,G1,Y,parent
13_06.mp3,13,6,A1,D1,A1,Y,child
13_07.mp3,13,7,H1,H1,A1,Y,parent
13_08.mp3,13,8,I1,I1,A1,Y,child
13_09.mp3,13,9,E1,H1,E1,Y,parent
13_10.mp3,13,10,F1,B1,F1,Y,child
13_31.mp3,13,31,E1,I1,E1,Y,child
13_32.mp3,13,32,A1,I1,A1,Y,parent
13_33.mp3,13,33,K1,F1,K1,Y,child
13_34.mp3,13,34,F1,F1,K1,Y,parent
13_36.mp3,13,36,C1,A1,C1,Y,parent
13_37.mp3,13,37,G1,G1,K1,Y,child
13_38.mp3,13,38,D1,E1,D1,Y,parent
13_39.mp3,13,39,B1,C1,B1,Y,child
13_40.mp3,13,40,I1,I1,E1,Y,parent
14_01.mp3,14,1,D1,F1,D1,Y,parent
14_02.mp3,14,2,E1,H1,E1,Y,child
14_03.mp3,14,3,C1,C1,H1,Y,parent
14_04.mp3,14,4,B1,B1,D1,Y,child
14_05.mp3,14,5,H1,H1,E1,Y,parent
14_06.mp3,14,6,G1,G1,D1,Y,child
14_07.mp3,14,7,K1,B1,K1,Y,parent
14_08.mp3,14,8,A1,A1,H1,Y,child
14_09.mp3,14,9,I1,I1,A1,Y,parent
14_10.mp3,14,10,F1,F1,G1,Y,child
14_31.mp3,14,31,H1,H1,A1,Y,child
14_32.mp3,14,32,G1,K1,G1,Y,parent
14_33.mp3,14,33,D1,D1,H1,Y,child
14_34.mp3,14,34,F1,F1,K1,Y,parent
14_35.mp3,14,35,C1,I1,C1,Y,child
14_36.mp3,14,36,A1,D1,A1,Y,parent
14_37.mp3,14,37,I1,I1,E1,Y,child
14_38.mp3,14,38,E1,E1,A1,N,parent
14_39.mp3,14,39,K1,F1,K1,Y,child
14_40.mp3,14,40,B1,B1,C1,Y,parent
15_01.mp3,15,1,H1,C1,H1,Y,parent
15_02.mp3,15,2,A1,I1,A1,N,child
15_03.mp3,15,3,G1,D1,G1,Y,parent
15_04.mp3,15,4,K1,B1,K1,N,child
15_05.mp3,15,5,I1,B1,I1,Y,parent
15_06.mp3,15,6,E1,E1,B1,N,child
15_07.mp3,15,7,B1,C1,B1,Y,parent
15_08.mp3,15,8,F1,F1,C1,Y,child
15_09.mp3,15,9,C1,C1,E1,Y,parent
15_10.mp3,15,10,D1,E1,D1,Y,child
15_31.mp3,15,31,I1,I1,E1,Y,child
15_32.mp3,15,32,E1,E1,I1,Y,parent
15_33.mp3,15,33,H1,D1,H1,Y,child
15_34.mp3,15,34,F1,B1,F1,Y,parent
15_35.mp3,15,35,B1,K1,B1,N,child
15_36.mp3,15,36,K1,K1,F1,Y,parent
15_37.mp3,15,37,G1,G1,C1,N,child
15_38.mp3,15,38,D1,K1,D1,Y,parent
15_39.mp3,15,39,C1,C1,I1,Y,child
15_40.mp3,15,40,A1,H1,A1,Y,parent
16_01.mp3,16,1,E1,H1,E1,Y,parent
16_02.mp3,16,2,D1,K1,D1,N,child
16_03.mp3,16,3,G1,D1,G1,Y,parent
16_04.mp3,16,4,K1,K1,F1,N,child
16_06.mp3,16,6,A1,A1,K1,Y,child
16_07.mp3,16,7,I1,I1,E1,Y,parent
16_08.mp3,16,8,H1,H1,C1,Y,child
16_09.mp3,16,9,B1,D1,B1,Y,parent
16_10.mp3,16,10,C1,C1,E1,N,child
16_31.mp3,16,31,E1,E1,B1,Y,child
16_32.mp3,16,32,D1,D1,H1,Y,parent
16_33.mp3,16,33,I1,B1,I1,Y,child
16_34.mp3,16,34,A1,H1,A1,Y,parent
16_35.mp3,16,35,G1,G1,E1,Y,child
16_36.mp3,16,36,C1,C1,H1,Y,parent
16_37.mp3,16,37,F1,F1,K1,Y,child
16_38.mp3,16,38,H1,D1,H1,Y,parent
16_39.mp3,16,39,B1,B1,C1,Y,child
16_40.mp3,16,40,K1,B1,K1,Y,parent
17_01.mp3,17,1,F1,C1,F1,Y,parent
17_02.mp3,17,2,B1,B1,K1,Y,child
17_03.mp3,17,3,E1,E1,I1,N,parent
17_04.mp3,17,4,H1,H1,C1,Y,child
17_05.mp3,17,5,C1,E1,C1,Y,parent
17_06.mp3,17,6,I1,I1,C1,Y,child
17_07.mp3,17,7,A1,A1,K1,Y,parent
17_08.mp3,17,8,G1,G1,D1,Y,child
17_09.mp3,17,9,K1,B1,K1,Y,parent
17_10.mp3,17,10,D1,D1,E1,Y,child
17_32.mp3,17,32,H1,H1,A1,Y,parent
17_33.mp3,17,33,E1,E1,B1,N,child
17_34.mp3,17,34,B1,C1,B1,Y,parent
17_35.mp3,17,35,K1,K1,A1,N,child
17_36.mp3,17,36,D1,K1,D1,Y,parent
17_37.mp3,17,37,C1,C1,H1,N,child
17_38.mp3,17,38,G1,E1,G1,Y,parent
17_39.mp3,17,39,A1,A1,D1,N,child
18_01.mp3,18,1,G1,C1,G1,N,parent
18_02.mp3,18,2,C1,H1,C1,N,child
18_03.mp3,18,3,F1,C1,F1,Y,parent
18_04.mp3,18,4,K1,K1,A1,Y,child
18_05.mp3,18,5,E1,A1,E1,Y,parent
18_06.mp3,18,6,D1,F1,D1,Y,child
18_07.mp3,18,7,A1,A1,D1,Y,parent
18_08.mp3,18,8,B1,D1,B1,Y,child
18_09.mp3,18,9,H1,H1,E1,Y,parent
18_10.mp3,18,10,I1,I1,B1,Y,child
18_31.mp3,18,31,E1,E1,H1,Y,child
18_32.mp3,18,32,C1,C1,I1,Y,parent
18_33.mp3,18,33,F1,F1,K1,Y,child
18_34.mp3,18,34,K1,K1,B1,Y,parent
18_35.mp3,18,35,H1,H1,D1,Y,child
18_36.mp3,18,36,D1,D1,E1,Y,parent
18_37.mp3,18,37,A1,A1,I1,Y,child
18_38.mp3,18,38,I1,E1,I1,Y,parent
18_39.mp3,18,39,G1,E1,G1,Y,child
18_40.mp3,18,40,B1,K1,B1,Y,parent
20_01.mp3,20,1,B1,C1,B1,Y,parent
20_02.mp3,20,2,C1,C1,E1,Y,child
20_03.mp3,20,3,D1,E1,D1,Y,parent
20_04.mp3,20,4,E1,E1,A1,Y,child
20_05.mp3,20,5,A1,A1,H1,Y,parent
20_06.mp3,20,6,I1,C1,I1,Y,child
20_07.mp3,20,7,K1,K1,A1,Y,parent
20_08.mp3,20,8,G1,G1,E1,Y,child
20_09.mp3,20,9,H1,A1,H1,Y,parent
20_10.mp3,20,10,F1,F1,C1,Y,child
20_31.mp3,20,31,H1,C1,H1,Y,child
20_32.mp3,20,32,G1,G1,K1,Y,parent
20_33.mp3,20,33,A1,A1,I1,Y,child
20_34.mp3,20,34,F1,F1,G1,Y,parent
20_35.mp3,20,35,K1,D1,K1,Y,child
20_36.mp3,20,36,I1,A1,I1,Y,parent
20_37.mp3,20,37,B1,I1,B1,Y,child
20_38.mp3,20,38,E1,E1,H1,Y,parent
20_39.mp3,20,39,D1,D1,F1,Y,child
20_40.mp3,20,40,C1,A1,C1,Y,parent
21_01.mp3,21,1,E1,E1,I1,Y,parent
21_02.mp3,21,2,B1,C1,B1,N,child
21_03.mp3,21,3,I1,I1,B1,Y,parent
21_04.mp3,21,4,G1,C1,G1,Y,child
21_05.mp3,21,5,D1,D1,F1,Y,parent
21_06.mp3,21,6,C1,C1,A1,N,child
21_07.mp3,21,7,H1,H1,D1,Y,parent
21_08.mp3,21,8,A1,D1,A1,Y,child
21_09.mp3,21,9,F1,F1,B1,Y,parent
21_10.mp3,21,10,K1,K1,D1,N,child
21_31.mp3,21,31,H1,C1,H1,N,child
21_32.mp3,21,32,B1,I1,B1,Y,parent
21_33.mp3,21,33,D1,D1,E1,N,child
21_34.mp3,21,34,A1,K1,A1,Y,parent
21_35.mp3,21,35,F1,C1,F1,Y,child
21_36.mp3,21,36,G1,D1,G1,Y,parent
21_37.mp3,21,37,E1,A1,E1,N,child
21_38.mp3,21,38,K1,K1,B1,Y,parent
21_39.mp3,21,39,I1,A1,I1,Y,child
21_40.mp3,21,40,C1,C1,I1,Y,parent
26_01.mp3,26,1,C1,H1,C1,Y,parent
26_02.mp3,26,2,G1,G1,K1,N,child
26_03.mp3,26,3,F1,B1,F1,Y,parent
26_04.mp3,26,4,I1,I1,A1,Y,child
26_05.mp3,26,5,B1,C1,B1,Y,parent
26_06.mp3,26,6,E1,B1,E1,Y,child
26_07.mp3,26,7,D1,D1,E1,Y,parent
26_08.mp3,26,8,K1,D1,K1,Y,child
26_09.mp3,26,9,A1,H1,A1,Y,parent
26_10.mp3,26,10,H1,C1,H1,Y,child
26_31.mp3,26,31,A1,A1,D1,Y,child
26_32.mp3,26,32,G1,G1,D1,Y,parent
26_33.mp3,26,33,C1,E1,C1,Y,child
26_34.mp3,26,34,I1,I1,B1,Y,parent
26_35.mp3,26,35,F1,C1,F1,Y,child
26_36.mp3,26,36,H1,D1,H1,Y,parent
26_37.mp3,26,37,B1,I1,B1,Y,child
26_38.mp3,26,38,E1,I1,E1,Y,parent
26_39.mp3,26,39,D1,F1,D1,Y,child
26_40.mp3,26,40,K1,F1,K1,Y,parent
27_01.mp3,27,1,B1,B1,C1,Y,parent
27_02.mp3,27,2,E1,I1,E1,Y,child
27_03.mp3,27,3,I1,I1,B1,Y,parent
27_06.mp3,27,6,C1,I1,C1,Y,child
27_07.mp3,27,7,G1,G1,D1,Y,parent
27_08.mp3,27,8,A1,K1,A1,Y,child
27_09.mp3,27,9,D1,D1,H1,Y,parent
27_10.mp3,27,10,H1,H1,A1,Y,child
27_31.mp3,27,31,G1,K1,G1,Y,child
27_32.mp3,27,32,A1,A1,H1,Y,parent
27_33.mp3,27,33,B1,K1,B1,Y,child
27_36.mp3,27,36,C1,C1,A1,Y,parent
27_37.mp3,27,37,I1,I1,E1,Y,child
27_38.mp3,27,38,H1,H1,E1,Y,parent
27_39.mp3,27,39,D1,F1,D1,Y,child
27_40.mp3,27,40,K1,D1,K1,Y,parent
28_01.mp3,28,1,B1,D1,B1,Y,parent
28_02.mp3,28,2,I1,E1,I1,N,child
28_03.mp3,28,3,F1,F1,G1,Y,parent
28_04.mp3,28,4,G1,G1,E1,N,child
28_05.mp3,28,5,E1,E1,I1,Y,parent
28_06.mp3,28,6,C1,I1,C1,Y,child
28_07.mp3,28,7,H1,D1,H1,N,parent
28_08.mp3,28,8,D1,H1,D1,N,child
28_09.mp3,28,9,K1,A1,K1,Y,parent
28_10.mp3,28,10,A1,A1,H1,Y,child
28_31.mp3,28,31,K1,D1,K1,N,child
28_32.mp3,28,32,I1,C1,I1,Y,parent
28_33.mp3,28,33,H1,E1,H1,N,child
28_34.mp3,28,34,C1,C1,E1,Y,parent
28_35.mp3,28,35,F1,F1,B1,Y,child
28_36.mp3,28,36,D1,D1,K1,Y,parent
28_37.mp3,28,37,B1,B1,C1,Y,child
28_38.mp3,28,38,G1,G1,K1,Y,parent
28_39.mp3,28,39,E1,E1,A1,N,child
28_40.mp3,28,40,A1,A1,I1,Y,parent
30_01.mp3,30,1,G1,C1,G1,Y,parent
30_02.mp3,30,2,H1,H1,D1,Y,child
30_03.mp3,30,3,E1,I1,E1,Y,parent
30_04.mp3,30,4,B1,B1,C1,Y,child
30_05.mp3,30,5,I1,B1,I1,Y,parent
30_06.mp3,30,6,K1,D1,K1,Y,child
30_07.mp3,30,7,D1,D1,H1,Y,parent
30_08.mp3,30,8,C1,E1,C1,Y,child
30_09.mp3,30,9,F1,C1,F1,N,parent
30_10.mp3,30,10,A1,H1,A1,Y,child
30_32.mp3,30,32,K1,K1,F1,N,parent
30_33.mp3,30,33,E1,E1,H1,Y,child
30_34.mp3,30,34,H1,H1,E1,Y,parent
30_35.mp3,30,35,D1,K1,D1,Y,child
30_36.mp3,30,36,C1,I1,C1,Y,parent
30_38.mp3,30,38,B1,B1,K1,Y,parent
30_39.mp3,30,39,G1,G1,K1,Y,child
30_40.mp3,30,40,A1,A1,K1,Y,parent
31_01.mp3,31,1,G1,C1,G1,N,parent
31_02.mp3,31,2,F1,B1,F1,Y,child
31_03.mp3,31,3,A1,I1,A1,Y,parent
31_04.mp3,31,4,D1,F1,D1,Y,child
31_05.mp3,31,5,H1,D1,H1,N,parent
31_06.mp3,31,6,E1,E1,A1,Y,child
31_07.mp3,31,7,B1,I1,B1,Y,parent
31_08.mp3,31,8,K1,K1,B1,Y,child
31_09.mp3,31,9,C1,H1,C1,Y,parent
31_31.mp3,31,31,B1,B1,K1,Y,child
31_32.mp3,31,32,F1,F1,K1,Y,parent
31_33.mp3,31,33,G1,E1,G1,Y,child
31_34.mp3,31,34,E1,B1,E1,Y,parent
31_35.mp3,31,35,C1,E1,C1,Y,child
31_36.mp3,31,36,D1,D1,K1,Y,parent
31_37.mp3,31,37,A1,D1,A1,Y,child
31_38.mp3,31,38,K1,D1,K1,Y,parent
31_39.mp3,31,39,H1,H1,E1,Y,child
31_40.mp3,31,40,I1,E1,I1,Y,parent
32_01.mp3,32,1,I1,E1,I1,Y,parent
32_02.mp3,32,2,B1,B1,D1,Y,child
32_03.mp3,32,3,H1,C1,H1,Y,parent
32_04.mp3,32,4,D1,D1,H1,Y,child
32_05.mp3,32,5,G1,G1,D1,Y,parent
32_06.mp3,32,6,K1,F1,K1,Y,child
32_07.mp3,32,7,E1,E1,H1,Y,parent
32_08.mp3,32,8,A1,A1,D1,Y,child
32_09.mp3,32,9,C1,C1,I1,Y,parent
32_10.mp3,32,10,F1,F1,K1,Y,child
32_31.mp3,32,31,C1,A1,C1,Y,child
32_32.mp3,32,32,B1,B1,I1,Y,parent
32_33.mp3,32,33,E1,E1,B1,Y,child
32_34.mp3,32,34,A1,H1,A1,Y,parent
32_35.mp3,32,35,H1,E1,H1,Y,child
32_36.mp3,32,36,K1,A1,K1,Y,parent
32_37.mp3,32,37,G1,C1,G1,Y,child
32_38.mp3,32,38,D1,D1,E1,Y,parent
32_39.mp3,32,39,I1,A1,I1,Y,child
32_40.mp3,32,40,F1,F1,C1,N,parent
33_02.mp3,33,2,G1,G1,C1,Y,child
33_03.mp3,33,3,F1,B1,F1,Y,parent
33_04.mp3,33,4,B1,B1,D1,Y,child
33_05.mp3,33,5,E1,E1,B1,Y,parent
33_06.mp3,33,6,I1,I1,E1,Y,child
33_07.mp3,33,7,D1,H1,D1,Y,parent
33_08.mp3,33,8,C1,A1,C1,Y,child
33_09.mp3,33,9,A1,K1,A1,Y,parent
33_10.mp3,33,10,K1,K1,B1,Y,child
33_31.mp3,33,31,A1,H1,A1,Y,child
33_32.mp3,33,32,I1,I1,C1,Y,parent
33_33.mp3,33,33,H1,H1,E1,Y,child
33_34.mp3,33,34,C1,C1,H1,Y,parent
33_36.mp3,33,36,B1,B1,K1,Y,parent
33_38.mp3,33,38,G1,K1,G1,Y,parent
33_39.mp3,33,39,E1,E1,I1,Y,child
33_40.mp3,33,40,K1,K1,D1,Y,parent
34_01.mp3,34,1,B1,B1,D1,Y,parent
34_02.mp3,34,2,E1,E1,A1,Y,child
34_03.mp3,34,3,C1,A1,C1,Y,parent
34_04.mp3,34,4,D1,D1,F1,Y,child
34_05.mp3,34,5,A1,D1,A1,Y,parent
34_06.mp3,34,6,I1,B1,I1,Y,child
34_07.mp3,34,7,F1,K1,F1,Y,parent
34_08.mp3,34,8,H1,A1,H1,Y,child
34_09.mp3,34,9,G1,D1,G1,Y,parent
34_10.mp3,34,10,K1,K1,A1,Y,child
34_31.mp3,34,31,F1,F1,G1,Y,child
34_32.mp3,34,32,E1,E1,H1,Y,parent
34_33.mp3,34,33,G1,G1,C1,Y,child
34_34.mp3,34,34,H1,H1,E1,Y,parent
34_35.mp3,34,35,C1,I1,C1,Y,child
34_36.mp3,34,36,I1,I1,C1,Y,parent
34_37.mp3,34,37,A1,A1,K1,Y,child
34_38.mp3,34,38,K1,K1,D1,Y,parent
34_39.mp3,34,39,B1,B1,C1,Y,child
34_40.mp3,34,40,D1,K1,D1,Y,parent
35_01.mp3,35,1,A1,H1,A1,Y,parent
35_03.mp3,35,3,H1,C1,H1,Y,parent
35_04.mp3,35,4,G1,D1,G1,Y,child
35_05.mp3,35,5,I1,C1,I1,Y,parent
35_06.mp3,35,6,B1,C1,B1,N,child
35_07.mp3,35,7,E1,B1,E1,Y,parent
35_08.mp3,35,8,K1,D1,K1,Y,child
35_09.mp3,35,9,C1,C1,H1,N,parent
35_10.mp3,35,10,F1,F1,K1,Y,child
35_31.mp3,35,31,H1,H1,A1,Y,child
35_32.mp3,35,32,D1,D1,H1,Y,parent
35_33.mp3,35,33,I1,I1,B1,Y,child
35_34.mp3,35,34,G1,E1,G1,Y,parent
35_35.mp3,35,35,C1,A1,C1,Y,child
35_36.mp3,35,36,K1,A1,K1,Y,parent
35_37.mp3,35,37,A1,K1,A1,Y,child
35_38.mp3,35,38,B1,B1,I1,Y,parent
35_39.mp3,35,39,E1,E1,H1,Y,child
35_40.mp3,35,40,F1,C1,F1,Y,parent
36_01.mp3,36,1,E1,E1,A1,Y,parent
36_02.mp3,36,2,B1,B1,I1,Y,child
36_03.mp3,36,3,F1,F1,B1,Y,parent
36_04.mp3,36,4,I1,B1,I1,Y,child
36_05.mp3,36,5,G1,E1,G1,Y,parent
36_06.mp3,36,6,A1,D1,A1,Y,child
36_07.mp3,36,7,D1,E1,D1,Y,parent
36_08.mp3,36,8,K1,D1,K1,Y,child
36_09.mp3,36,9,H1,H1,E1,Y,parent
36_10.mp3,36,10,C1,C1,I1,Y,child
36_31.mp3,36,31,G1,G1,D1,Y,child
36_32.mp3,36,32,B1,B1,C1,Y,parent
36_33.mp3,36,33,F1,F1,K1,Y,child
36_35.mp3,36,35,E1,E1,B1,Y,child
36_36.mp3,36,36,I1,I1,E1,Y,parent
36_37.mp3,36,37,D1,D1,K1,Y,child
36_38.mp3,36,38,A1,A1,K1,Y,parent
36_39.mp3,36,39,H1,C1,H1,Y,child
37_01.mp3,37,1,G1,G1,D1,Y,parent
37_02.mp3,37,2,C1,C1,H1,Y,child
37_03.mp3,37,3,D1,F1,D1,Y,parent
37_04.mp3,37,4,F1,F1,G1,Y,child
37_05.mp3,37,5,I1,C1,I1,Y,parent
37_06.mp3,37,6,B1,K1,B1,Y,child
37_07.mp3,37,7,H1,H1,E1,Y,parent
37_08.mp3,37,8,K1,F1,K1,Y,child
37_09.mp3,37,9,E1,E1,A1,Y,parent
37_10.mp3,37,10,A1,K1,A1,Y,child
37_31.mp3,37,31,E1,E1,I1,Y,child
37_32.mp3,37,32,C1,C1,I1,Y,parent
37_33.mp3,37,33,G1,G1,K1,Y,child
37_34.mp3,37,34,K1,K1,D1,Y,parent
37_35.mp3,37,35,H1,A1,H1,Y,child
37_36.mp3,37,36,B1,I1,B1,Y,parent
37_37.mp3,37,37,D1,K1,D1,Y,child
37_38.mp3,37,38,A1,H1,A1,Y,parent
37_39.mp3,37,39,I1,I1,A1,Y,child
37_40.mp3,37,40,F1,F1,B1,Y,parent
38_01.mp3,38,1,D1,K1,D1,Y,parent
38_02.mp3,38,2,F1,G1,F1,N,child
38_04.mp3,38,4,K1,D1,K1,Y,child
38_05.mp3,38,5,H1,D1,H1,Y,parent
38_06.mp3,38,6,I1,I1,A1,Y,child
38_07.mp3,38,7,A1,A1,H1,N,parent
38_08.mp3,38,8,C1,C1,E1,Y,child
38_09.mp3,38,9,G1,G1,D1,Y,parent
38_10.mp3,38,10,E1,E1,A1,Y,child
38_31.mp3,38,31,D1,D1,E1,N,child
38_32.mp3,38,32,C1,C1,A1,Y,parent
38_34.mp3,38,34,F1,F1,K1,Y,parent
38_35.mp3,38,35,A1,I1,A1,N,child
38_36.mp3,38,36,K1,K1,B1,Y,parent
38_37.mp3,38,37,H1,C1,H1,N,child
38_38.mp3,38,38,E1,E1,B1,Y,parent
38_39.mp3,38,39,B1,B1,D1,Y,child
38_40.mp3,38,40,I1,I1,E1,Y,parent
39_01.mp3,39,1,F1,F1,K1,Y,parent
39_02.mp3,39,2,G1,K1,G1,Y,child
39_03.mp3,39,3,B1,B1,D1,Y,parent
39_04.mp3,39,4,C1,C1,A1,Y,child
39_05.mp3,39,5,K1,B1,K1,Y,parent
39_06.mp3,39,6,H1,H1,E1,Y,child
39_07.mp3,39,7,D1,D1,E1,Y,parent
39_08.mp3,39,8,I1,B1,I1,Y,child
39_09.mp3,39,9,E1,B1,E1,Y,parent
39_10.mp3,39,10,A1,D1,A1,Y,child
39_31.mp3,39,31,B1,I1,B1,Y,child
39_32.mp3,39,32,H1,D1,H1,Y,parent
39_33.mp3,39,33,D1,D1,F1,Y,child
39_34.mp3,39,34,G1,G1,E1,Y,parent
39_35.mp3,39,35,F1,G1,F1,Y,child
39_36.mp3,39,36,A1,A1,H1,Y,parent
39_37.mp3,39,37,E1,E1,H1,Y,child
39_38.mp3,39,38,C1,C1,E1,Y,parent
39_39.mp3,39,39,K1,K1,D1,Y,child
39_40.mp3,39,40,I1,I1,C1,Y,parent
40_01.mp3,40,1,K1,A1,K1,Y,parent
40_02.mp3,40,2,C1,H1,C1,Y,child
40_03.mp3,40,3,D1,D1,E1,Y,parent
40_04.mp3,40,4,E1,E1,H1,Y,child
40_05.mp3,40,5,B1,B1,I1,Y,parent
40_06.mp3,40,6,F1,F1,C1,Y,child
40_07.mp3,40,7,H1,C1,H1,Y,parent
40_08.mp3,40,8,G1,G1,K1,Y,child
40_09.mp3,40,9,I1,B1,I1,Y,parent
40_10.mp3,40,10,A1,A1,H1,Y,child
40_31.mp3,40,31,D1,D1,H1,Y,child
40_32.mp3,40,32,C1,C1,A1,Y,parent
40_33.mp3,40,33,K1,K1,F1,Y,child
40_34.mp3,40,34,A1,I1,A1,Y,parent
40_35.mp3,40,35,I1,I1,E1,Y,child
40_36.mp3,40,36,E1,I1,E1,Y,parent
40_37.mp3,40,37,H1,H1,E1,Y,child
40_38.mp3,40,38,G1,E1,G1,N,parent
40_39.mp3,40,39,B1,D1,B1,Y,child
40_40.mp3,40,40,F1,F1,K1,Y,parent
42_01.mp3,42,1,G1,G1,D1,Y,parent
42_02.mp3,42,2,K1,K1,B1,Y,child
42_03.mp3,42,3,H1,H1,A1,Y,parent
42_04.mp3,42,4,F1,F1,B1,Y,child
42_05.mp3,42,5,B1,B1,K1,Y,parent
42_06.mp3,42,6,D1,D1,E1,Y,child
42_07.mp3,42,7,C1,A1,C1,Y,parent
42_08.mp3,42,8,I1,A1,I1,Y,child
42_09.mp3,42,9,A1,A1,D1,Y,parent
42_10.mp3,42,10,E1,E1,H1,Y,child
42_31.mp3,42,31,A1,A1,K1,Y,child
42_33.mp3,42,33,B1,B1,I1,Y,child
42_34.mp3,42,34,D1,D1,K1,Y,parent
42_35.mp3,42,35,C1,C1,E1,Y,child
42_36.mp3,42,36,I1,B1,I1,Y,parent
42_37.mp3,42,37,G1,E1,G1,Y,child
42_38.mp3,42,38,E1,I1,E1,Y,parent
42_39.mp3,42,39,H1,D1,H1,Y,child
42_40.mp3,42,40,F1,F1,K1,Y,parent
43_01.mp3,43,1,H1,C1,H1,Y,parent
43_02.mp3,43,2,K1,F1,K1,Y,child
43_03.mp3,43,3,A1,A1,K1,Y,parent
43_04.mp3,43,4,B1,B1,D1,Y,child
43_05.mp3,43,5,D1,F1,D1,Y,parent
43_06.mp3,43,6,G1,G1,D1,Y,child
43_07.mp3,43,7,C1,C1,H1,Y,parent
43_08.mp3,43,8,E1,I1,E1,Y,child
43_09.mp3,43,9,F1,F1,C1,Y,parent
43_10.mp3,43,10,I1,I1,C1,Y,child
43_31.mp3,43,31,F1,F1,K1,Y,child
43_32.mp3,43,32,G1,G1,C1,Y,parent
43_33.mp3,43,33,A1,H1,A1,Y,child
43_34.mp3,43,34,I1,E1,I1,Y,parent
43_35.mp3,43,35,H1,H1,E1,Y,child
43_36.mp3,43,36,B1,B1,K1,Y,parent
43_37.mp3,43,37,C1,A1,C1,Y,child
43_38.mp3,43,38,K1,K1,D1,Y,parent
43_39.mp3,43,39,D1,D1,E1,Y,child
43_40.mp3,43,40,E1,E1,A1,Y,parent
44_02.mp3,44,2,E1,E1,A1,Y,child
44_03.mp3,44,3,A1,A1,D1,Y,parent
44_04.mp3,44,4,I1,C1,I1,Y,child
44_05.mp3,44,5,C1,C1,A1,Y,parent
44_06.mp3,44,6,G1,D1,G1,Y,child
44_07.mp3,44,7,F1,B1,F1,Y,parent
44_08.mp3,44,8,B1,K1,B1,Y,child
44_09.mp3,44,9,D1,E1,D1,Y,parent
44_10.mp3,44,10,H1,H1,A1,Y,child
44_31.mp3,44,31,C1,C1,E1,Y,child
44_32.mp3,44,32,E1,E1,B1,Y,parent
44_33.mp3,44,33,F1,F1,G1,Y,child
44_34.mp3,44,34,G1,C1,G1,Y,parent
44_35.mp3,44,35,D1,D1,H1,Y,child
44_36.mp3,44,36,I1,I1,A1,Y,parent
44_37.mp3,44,37,A1,K1,A1,Y,child
44_38.mp3,44,38,B1,I1,B1,Y,parent
44_40.mp3,44,40,H1,D1,H1,Y,parent
45_01.mp3,45,1,B1,C1,B1,Y,parent
45_02.mp3,45,2,C1,C1,A1,Y,child
45_03.mp3,45,3,D1,D1,F1,Y,parent
45_04.mp3,45,4,A1,A1,D1,Y,child
45_05.mp3,45,5,K1,D1,K1,Y,parent
45_06.mp3,45,6,E1,I1,E1,Y,child
45_07.mp3,45,7,F1,F1,C1,Y,parent
45_08.mp3,45,8,H1,H1,E1,Y,child
45_09.mp3,45,9,G1,G1,K1,Y,parent
45_10.mp3,45,10,I1,B1,I1,Y,child
45_31.mp3,45,31,K1,K1,B1,Y,child
45_32.mp3,45,32,E1,H1,E1,Y,parent
45_33.mp3,45,33,G1,D1,G1,Y,child
45_34.mp3,45,34,I1,I1,E1,Y,parent
45_35.mp3,45,35,D1,E1,D1,Y,child
45_36.mp3,45,36,H1,H1,C1,Y,parent
45_37.mp3,45,37,B1,B1,I1,Y,child
45_38.mp3,45,38,A1,A1,H1,Y,parent
45_39.mp3,45,39,F1,F1,G1,Y,child
45_40.mp3,45,40,C1,C1,I1,Y,parent
46_01.mp3,46,1,H1,H1,E1,N,parent
46_02.mp3,46,2,E1,E1,H1,Y,child
46_03.mp3,46,3,K1,D1,K1,Y,parent
46_04.mp3,46,4,A1,A1,H1,Y,child
46_05.mp3,46,5,I1,A1,I1,Y,parent
46_06.mp3,46,6,G1,G1,C1,Y,child
46_07.mp3,46,7,D1,D1,F1,Y,parent
46_08.mp3,46,8,C1,H1,C1,Y,child
46_09.mp3,46,9,F1,G1,F1,Y,parent
46_10.mp3,46,10,B1,B1,D1,Y,child
46_31.mp3,46,31,D1,D1,E1,Y,child
46_32.mp3,46,32,C1,I1,C1,N,parent
46_33.mp3,46,33,K1,K1,B1,Y,child
46_34.mp3,46,34,G1,G1,D1,Y,parent
46_35.mp3,46,35,I1,I1,E1,Y,child
46_36.mp3,46,36,B1,B1,K1,N,parent
46_37.mp3,46,37,H1,H1,D1,Y,child
46_38.mp3,46,38,E1,E1,B1,Y,parent
46_39.mp3,46,39,F1,B1,F1,Y,child
46_40.mp3,46,40,A1,I1,A1,Y,parent
47_01.mp3,47,1,G1,D1,G1,Y,parent
47_02.mp3,47,2,I1,E1,I1,Y,child
47_03.mp3,47,3,E1,E1,H1,N,parent
47_04.mp3,47,4,B1,I1,B1,Y,child
47_05.mp3,47,5,D1,H1,D1,Y,parent
47_06.mp3,47,6,K1,D1,K1,Y,child
47_07.mp3,47,7,H1,E1,H1,Y,parent
47_08.mp3,47,8,F1,G1,F1,Y,child
47_09.mp3,47,9,A1,A1,K1,Y,parent
47_10.mp3,47,10,C1,H1,C1,Y,child
47_31.mp3,47,31,H1,H1,D1,Y,child
47_32.mp3,47,32,K1,K1,B1,Y,parent
47_33.mp3,47,33,G1,G1,K1,Y,child
47_34.mp3,47,34,F1,C1,F1,Y,parent
47_35.mp3,47,35,E1,B1,E1,Y,child
47_36.mp3,47,36,C1,C1,I1,Y,parent
47_37.mp3,47,37,D1,D1,K1,Y,child
47_38.mp3,47,38,B1,C1,B1,Y,parent
47_39.mp3,47,39,A1,H1,A1,Y,child
47_40.mp3,47,40,I1,I1,A1,Y,parent
48_01.mp3,48,1,F1,F1,B1,Y,parent
48_02.mp3,48,2,A1,D1,A1,Y,child
48_03.mp3,48,3,C1,C1,H1,Y,parent
48_04.mp3,48,4,G1,G1,K1,Y,child
48_05.mp3,48,5,H1,E1,H1,N,parent
48_06.mp3,48,6,E1,E1,B1,N,child
48_07.mp3,48,7,D1,D1,F1,Y,parent
48_08.mp3,48,8,B1,B1,I1,Y,child
48_09.mp3,48,9,K1,K1,A1,Y,parent
48_10.mp3,48,10,I1,B1,I1,Y,child
48_31.mp3,48,31,H1,H1,C1,Y,child
48_32.mp3,48,32,G1,D1,G1,Y,parent
48_33.mp3,48,33,K1,B1,K1,Y,child
48_34.mp3,48,34,E1,E1,A1,Y,parent
48_35.mp3,48,35,F1,F1,K1,Y,child
48_36.mp3,48,36,I1,C1,I1,Y,parent
48_37.mp3,48,37,D1,D1,K1,Y,child
48_38.mp3,48,38,B1,K1,B1,Y,parent
48_39.mp3,48,39,C1,I1,C1,Y,child
48_40.mp3,48,40,A1,A1,I1,Y,parent
49_01.mp3,49,1,C1,C1,E1,Y,parent
49_02.mp3,49,2,A1,I1,A1,Y,child
49_03.mp3,49,3,E1,H1,E1,Y,parent
49_04.mp3,49,4,K1,F1,K1,Y,child
49_06.mp3,49,6,F1,F1,C1,Y,child
49_07.mp3,49,7,D1,F1,D1,Y,parent
49_08.mp3,49,8,G1,E1,G1,Y,child
49_09.mp3,49,9,B1,B1,K1,Y,parent
49_10.mp3,49,10,I1,B1,I1,Y,child
49_31.mp3,49,31,D1,D1,E1,Y,child
49_32.mp3,49,32,I1,A1,I1,Y,parent
49_33.mp3,49,33,H1,H1,E1,Y,child
49_34.mp3,49,34,G1,G1,K1,Y,parent
49_35.mp3,49,35,C1,C1,A1,Y,child
49_36.mp3,49,36,K1,D1,K1,Y,parent
49_37.mp3,49,37,E1,E1,A1,Y,child
49_38.mp3,49,38,F1,F1,B1,Y,parent
49_39.mp3,49,39,B1,C1,B1,Y,child
49_40.mp3,49,40,A1,K1,A1,Y,parent
50_01.mp3,50,1,K1,B1,K1,Y,parent
50_02.mp3,50,2,C1,C1,I1,Y,child
50_03.mp3,50,3,F1,B1,F1,Y,parent
50_04.mp3,50,4,A1,I1,A1,Y,child
50_05.mp3,50,5,I1,I1,E1,Y,parent
50_06.mp3,50,6,B1,K1,B1,Y,child
50_07.mp3,50,7,H1,E1,H1,Y,parent
50_08.mp3,50,8,G1,C1,G1,Y,child
50_09.mp3,50,9,E1,E1,I1,Y,parent
50_10.mp3,50,10,D1,H1,D1,Y,child
50_31.mp3,50,31,K1,K1,A1,Y,child
50_32.mp3,50,32,D1,K1,D1,Y,parent
50_33.mp3,50,33,E1,A1,E1,Y,child
50_34.mp3,50,34,B1,I1,B1,Y,parent
50_35.mp3,50,35,I1,B1,I1,Y,child
50_36.mp3,50,36,C1,C1,A1,Y,parent
50_37.mp3,50,37,F1,K1,F1,Y,child
50_38.mp3,50,38,A1,H1,A1,Y,parent
50_39.mp3,50,39,H1,H1,D1,Y,child
50_40.mp3,50,40,G1,G1,K1,Y,parent
51_01.mp3,51,1,K1,A1,K1,Y,parent
51_02.mp3,51,2,C1,I1,C1,Y,child
51_03.mp3,51,3,E1,A1,E1,Y,parent
51_04.mp3,51,4,A1,K1,A1,Y,child
51_05.mp3,51,5,B1,B1,K1,Y,parent
51_06.mp3,51,6,G1,G1,C1,Y,child
51_07.mp3,51,7,H1,E1,H1,Y,parent
51_08.mp3,51,8,I1,A1,I1,Y,child
51_09.mp3,51,9,D1,E1,D1,Y,parent
51_10.mp3,51,10,F1,B1,F1,Y,child
51_31.mp3,51,31,H1,H1,D1,Y,child
51_32.mp3,51,32,C1,E1,C1,Y,parent
51_33.mp3,51,33,E1,E1,H1,Y,child
51_34.mp3,51,34,G1,E1,G1,Y,parent
51_35.mp3,51,35,B1,I1,B1,Y,child
51_36.mp3,51,36,F1,F1,C1,Y,parent
51_37.mp3,51,37,K1,F1,K1,Y,child
51_38.mp3,51,38,A1,I1,A1,Y,parent
51_39.mp3,51,39,D1,F1,D1,Y,child
51_40.mp3,51,40,I1,B1,I1,Y,parent
52_01.mp3,52,1,D1,D1,E1,Y,parent
52_02.mp3,52,2,H1,D1,H1,Y,child
52_03.mp3,52,3,E1,E1,A1,N,parent
52_04.mp3,52,4,A1,K1,A1,N,child
52_05.mp3,52,5,B1,D1,B1,Y,parent
52_06.mp3,52,6,C1,C1,A1,Y,child
52_07.mp3,52,7,I1,E1,I1,Y,parent
52_08.mp3,52,8,G1,E1,G1,Y,child
52_09.mp3,52,9,F1,B1,F1,Y,parent
52_10.mp3,52,10,K1,B1,K1,Y,child
52_31.mp3,52,31,E1,E1,H1,Y,child
52_32.mp3,52,32,A1,I1,A1,Y,parent
52_33.mp3,52,33,I1,A1,I1,Y,child
52_34.mp3,52,34,H1,A1,H1,Y,parent
52_35.mp3,52,35,B1,C1,B1,Y,child
52_36.mp3,52,36,K1,D1,K1,Y,parent
52_37.mp3,52,37,F1,C1,F1,Y,child
52_38.mp3,52,38,C1,H1,C1,Y,parent
52_39.mp3,52,39,D1,D1,F1,Y,child
52_40.mp3,52,40,G1,G1,K1,Y,parent
53_01.mp3,53,1,I1,A1,I1,Y,parent
53_02.mp3,53,2,F1,B1,F1,Y,child
53_03.mp3,53,3,D1,H1,D1,Y,parent
53_04.mp3,53,4,B1,B1,D1,Y,child
53_05.mp3,53,5,H1,E1,H1,Y,parent
53_07.mp3,53,7,E1,E1,H1,Y,parent
53_08.mp3,53,8,G1,G1,E1,Y,child
53_09.mp3,53,9,C1,A1,C1,Y,parent
53_10.mp3,53,10,A1,A1,I1,Y,child
53_31.mp3,53,31,C1,H1,C1,Y,child
53_32.mp3,53,32,K1,K1,F1,Y,parent
53_33.mp3,53,33,E1,B1,E1,Y,child
53_34.mp3,53,34,B1,B1,K1,Y,parent
53_35.mp3,53,35,I1,I1,C1,Y,child
53_36.mp3,53,36,A1,D1,A1,Y,parent
53_37.mp3,53,37,D1,K1,D1,Y,child
53_39.mp3,53,39,H1,D1,H1,Y,child
53_40.mp3,53,40,F1,K1,F1,Y,parent
54_01.mp3,54,1,G1,G1,D1,Y,parent
54_02.mp3,54,2,K1,K1,F1,Y,child
54_03.mp3,54,3,H1,H1,D1,Y,parent
54_04.mp3,54,4,A1,I1,A1,Y,child
54_05.mp3,54,5,F1,F1,C1,Y,parent
54_06.mp3,54,6,B1,B1,K1,Y,child
54_09.mp3,54,9,C1,E1,C1,Y,parent
54_10.mp3,54,10,D1,K1,D1,Y,child
54_31.mp3,54,31,G1,G1,C1,Y,child
54_32.mp3,54,32,B1,C1,B1,Y,parent
54_33.mp3,54,33,C1,I1,C1,Y,child
54_34.mp3,54,34,E1,E1,H1,Y,parent
54_35.mp3,54,35,F1,K1,F1,Y,child
54_36.mp3,54,36,A1,K1,A1,Y,parent
54_37.mp3,54,37,I1,C1,I1,Y,child
54_38.mp3,54,38,D1,D1,H1,Y,parent
54_39.mp3,54,39,H1,C1,H1,Y,child
54_40.mp3,54,40,K1,A1,K1,Y,parent
55_01.mp3,55,1,G1,D1,G1,Y,parent
55_02.mp3,55,2,B1,B1,K1,Y,child
55_03.mp3,55,3,H1,A1,H1,Y,parent
55_04.mp3,55,4,I1,B1,I1,Y,child
55_05.mp3,55,5,A1,A1,D1,Y,parent
55_06.mp3,55,6,K1,A1,K1,Y,child
55_07.mp3,55,7,E1,A1,E1,Y,parent
55_08.mp3,55,8,D1,D1,K1,Y,child
55_09.mp3,55,9,F1,F1,B1,Y,parent
55_10.mp3,55,10,C1,C1,I1,Y,child
55_31.mp3,55,31,E1,E1,B1,Y,child
55_32.mp3,55,32,B1,I1,B1,Y,parent
55_33.mp3,55,33,H1,H1,D1,Y,child
55_34.mp3,55,34,K1,B1,K1,Y,parent
55_35.mp3,55,35,F1,G1,F1,Y,child
55_36.mp3,55,36,I1,C1,I1,Y,parent
55_37.mp3,55,37,G1,G1,C1,Y,child
55_38.mp3,55,38,D1,D1,H1,Y,parent
55_39.mp3,55,39,A1,A1,I1,Y,child
55_40.mp3,55,40,C1,C1,E1,Y,parent
56_01.mp3,56,1,E1,E1,B1,Y,parent
56_02.mp3,56,2,D1,D1,K1,Y,child
56_03.mp3,56,3,G1,G1,E1,N,parent
56_04.mp3,56,4,B1,B1,K1,Y,child
56_05.mp3,56,5,F1,F1,K1,N,parent
56_06.mp3,56,6,I1,C1,I1,Y,child
56_07.mp3,56,7,K1,D1,K1,Y,parent
56_08.mp3,56,8,C1,C1,A1,Y,child
56_09.mp3,56,9,A1,H1,A1,Y,parent
56_10.mp3,56,10,H1,H1,D1,Y,child
56_31.mp3,56,31,E1,E1,I1,Y,child
56_32.mp3,56,32,D1,D1,F1,Y,parent
56_33.mp3,56,33,G1,G1,C1,N,child
56_34.mp3,56,34,I1,B1,I1,Y,parent
56_35.mp3,56,35,K1,K1,A1,Y,child
56_36.mp3,56,36,B1,D1,B1,Y,parent
56_37.mp3,56,37,A1,I1,A1,Y,child
56_38.mp3,56,38,H1,H1,E1,N,parent
56_39.mp3,56,39,F1,G1,F1,Y,child
56_40.mp3,56,40,C1,H1,C1,Y,parent
57_01.mp3,57,1,D1,D1,H1,Y,parent
57_02.mp3,57,2,E1,I1,E1,Y,child
57_03.mp3,57,3,C1,E1,C1,Y,parent
57_04.mp3,57,4,G1,E1,G1,Y,child
57_05.mp3,57,5,K1,K1,D1,Y,parent
57_06.mp3,57,6,I1,A1,I1,Y,child
57_07.mp3,57,7,F1,B1,F1,Y,parent
57_08.mp3,57,8,A1,I1,A1,Y,child
57_09.mp3,57,9,H1,H1,A1,Y,parent
57_10.mp3,57,10,B1,C1,B1,Y,child
57_31.mp3,57,31,D1,F1,D1,Y,child
57_32.mp3,57,32,I1,I1,E1,Y,parent
57_33.mp3,57,33,K1,A1,K1,Y,child
57_34.mp3,57,34,E1,E1,A1,Y,parent
57_35.mp3,57,35,C1,I1,C1,Y,child
57_36.mp3,57,36,G1,D1,G1,Y,parent
57_37.mp3,57,37,H1,E1,H1,Y,child
57_38.mp3,57,38,A1,A1,H1,Y,parent
57_39.mp3,57,39,F1,C1,F1,Y,child
57_40.mp3,57,40,B1,B1,I1,Y,parent
58_01.mp3,58,1,I1,E1,I1,Y,parent
58_02.mp3,58,2,F1,F1,K1,N,child
58_03.mp3,58,3,E1,I1,E1,Y,parent
58_04.mp3,58,4,H1,H1,A1,Y,child
58_05.mp3,58,5,C1,C1,E1,Y,parent
58_06.mp3,58,6,K1,K1,A1,N,child
58_07.mp3,58,7,G1,E1,G1,Y,parent
58_08.mp3,58,8,A1,H1,A1,Y,child
58_09.mp3,58,9,B1,D1,B1,Y,parent
58_10.mp3,58,10,D1,D1,H1,Y,child
58_31.mp3,58,31,B1,B1,I1,Y,child
58_32.mp3,58,32,D1,F1,D1,Y,parent
58_33.mp3,58,33,E1,E1,A1,Y,child
58_34.mp3,58,34,F1,B1,F1,Y,parent
58_35.mp3,58,35,C1,C1,A1,Y,child
58_36.mp3,58,36,K1,K1,F1,Y,parent
58_37.mp3,58,37,G1,G1,C1,Y,child
58_38.mp3,58,38,H1,H1,C1,Y,parent
58_39.mp3,58,39,I1,B1,I1,Y,child
58_40.mp3,58,40,A1,I1,A1,Y,parent
59_01.mp3,59,1,H1,H1,D1,N,parent
59_02.mp3,59,2,E1,A1,E1,N,child
59_03.mp3,59,3,C1,C1,A1,Y,parent
59_04.mp3,59,4,A1,A1,K1,Y,child
59_05.mp3,59,5,I1,A1,I1,Y,parent
59_07.mp3,59,7,B1,D1,B1,Y,parent
59_08.mp3,59,8,G1,G1,K1,Y,child
59_09.mp3,59,9,D1,D1,E1,N,parent
59_10.mp3,59,10,F1,F1,K1,Y,child
59_31.mp3,59,31,I1,E1,I1,Y,child
59_33.mp3,59,33,B1,B1,C1,Y,child
59_34.mp3,59,34,F1,F1,G1,Y,parent
59_35.mp3,59,35,H1,H1,C1,Y,child
59_36.mp3,59,36,G1,E1,G1,Y,parent
59_39.mp3,59,39,D1,D1,K1,Y,child
59_40.mp3,59,40,E1,E1,I1,Y,parent
60_01.mp3,60,1,C1,C1,I1,N,parent
60_02.mp3,60,2,F1,G1,F1,Y,child
60_03.mp3,60,3,D1,H1,D1,Y,parent
60_04.mp3,60,4,K1,F1,K1,Y,child
60_05.mp3,60,5,E1,E1,A1,Y,parent
60_06.mp3,60,6,B1,I1,B1,Y,child
60_07.mp3,60,7,A1,K1,A1,Y,parent
60_08.mp3,60,8,H1,A1,H1,N,child
60_09.mp3,60,9,I1,C1,I1,N,parent
60_10.mp3,60,10,G1,E1,G1,N,child
60_31.mp3,60,31,I1,I1,B1,Y,child
60_32.mp3,60,32,G1,C1,G1,Y,parent
60_33.mp3,60,33,C1,E1,C1,Y,child
60_34.mp3,60,34,K1,K1,A1,Y,parent
60_35.mp3,60,35,E1,H1,E1,Y,child
60_36.mp3,60,36,B1,C1,B1,Y,parent
60_37.mp3,60,37,A1,H1,A1,Y,child
60_38.mp3,60,38,F1,F1,C1,Y,parent
60_39.mp3,60,39,D1,D1,E1,Y,child
60_40.mp3,60,40,H1,D1,H1,Y,parent
61_02.mp3,61,2,I1,B1,I1,Y,child
61_03.mp3,61,3,C1,H1,C1,Y,parent
61_04.mp3,61,4,A1,H1,A1,Y,child
61_05.mp3,61,5,B1,I1,B1,Y,parent
61_06.mp3,61,6,F1,C1,F1,Y,child
61_07.mp3,61,7,D1,K1,D1,Y,parent
61_08.mp3,61,8,G1,G1,E1,Y,child
61_09.mp3,61,9,K1,B1,K1,Y,parent
61_10.mp3,61,10,H1,H1,C1,Y,child
61_31.mp3,61,31,D1,E1,D1,Y,child
61_32.mp3,61,32,G1,G1,C1,Y,parent
61_33.mp3,61,33,B1,B1,D1,Y,child
61_34.mp3,61,34,F1,F1,B1,Y,parent
61_35.mp3,61,35,E1,E1,B1,Y,child
61_36.mp3,61,36,H1,H1,A1,Y,parent
61_37.mp3,61,37,C1,E1,C1,Y,child
61_38.mp3,61,38,A1,A1,I1,Y,parent
61_39.mp3,61,39,K1,D1,K1,Y,child
61_40.mp3,61,40,I1,I1,A1,Y,parent
62_01.mp3,62,1,D1,D1,F1,Y,parent
62_02.mp3,62,2,C1,A1,C1,Y,child
62_03.mp3,62,3,B1,K1,B1,Y,parent
62_04.mp3,62,4,G1,C1,G1,Y,child
62_05.mp3,62,5,A1,A1,K1,Y,parent
62_06.mp3,62,6,E1,A1,E1,Y,child
62_07.mp3,62,7,H1,C1,H1,Y,parent
62_08.mp3,62,8,F1,F1,K1,Y,child
62_09.mp3,62,9,I1,C1,I1,Y,parent
62_10.mp3,62,10,K1,K1,D1,Y,child
62_31.mp3,62,31,A1,H1,A1,Y,child
62_32.mp3,62,32,C1,C1,I1,Y,parent
62_33.mp3,62,33,I1,B1,I1,Y,child
62_34.mp3,62,34,G1,G1,E1,Y,parent
62_35.mp3,62,35,H1,A1,H1,Y,child
62_36.mp3,62,36,K1,K1,B1,Y,parent
62_37.mp3,62,37,D1,D1,E1,Y,child
62_38.mp3,62,38,F1,F1,G1,Y,parent
62_39.mp3,62,39,B1,B1,D1,Y,child
62_40.mp3,62,40,E1,E1,I1,Y,parent
64_01.mp3,64,1,F1,K1,F1,Y,parent
64_02.mp3,64,2,E1,B1,E1,N,child
64_03.mp3,64,3,C1,A1,C1,Y,parent
64_04.mp3,64,4,B1,C1,B1,Y,child
64_05.mp3,64,5,D1,D1,K1,Y,parent
64_06.mp3,64,6,G1,D1,G1,N,child
64_07.mp3,64,7,K1,K1,B1,Y,parent
64_08.mp3,64,8,I1,E1,I1,Y,child
64_09.mp3,64,9,H1,C1,H1,Y,parent
64_10.mp3,64,10,A1,H1,A1,Y,child
64_31.mp3,64,31,C1,C1,H1,Y,child
64_32.mp3,64,32,I1,C1,I1,Y,parent
64_33.mp3,64,33,F1,C1,F1,Y,child
64_34.mp3,64,34,A1,I1,A1,Y,parent
64_35.mp3,64,35,K1,A1,K1,Y,child
64_36.mp3,64,36,B1,I1,B1,Y,parent
64_38.mp3,64,38,G1,C1,G1,Y,parent
64_39.mp3,64,39,H1,A1,H1,Y,child
64_40.mp3,64,40,E1,H1,E1,Y,parent
65_01.mp3,65,1,I1,B1,I1,Y,parent
65_02.mp3,65,2,D1,E1,D1,Y,child
65_03.mp3,65,3,B1,K1,B1,Y,parent
65_04.mp3,65,4,E1,I1,E1,Y,child
65_05.mp3,65,5,F1,B1,F1,Y,parent
65_06.mp3,65,6,G1,D1,G1,Y,child
65_07.mp3,65,7,H1,H1,E1,N,parent
65_08.mp3,65,8,A1,I1,A1,Y,child
65_09.mp3,65,9,C1,H1,C1,Y,parent
65_10.mp3,65,10,K1,K1,B1,Y,child
65_31.mp3,65,31,I1,C1,I1,Y,child
65_32.mp3,65,32,G1,K1,G1,Y,parent
65_33.mp3,65,33,H1,D1,H1,Y,child
65_34.mp3,65,34,A1,A1,D1,Y,parent
65_35.mp3,65,35,F1,F1,K1,Y,child
65_36.mp3,65,36,K1,K1,D1,Y,parent
65_37.mp3,65,37,B1,B1,I1,Y,child
65_38.mp3,65,38,E1,B1,E1,Y,parent
65_39.mp3,65,39,C1,C1,I1,Y,child
65_40.mp3,65,40,D1,H1,D1,Y,parent
66_01.mp3,66,1,F1,B1,F1,Y,parent
66_02.mp3,66,2,K1,K1,D1,Y,child
66_03.mp3,66,3,H1,H1,E1,Y,parent
66_04.mp3,66,4,G1,G1,D1,Y,child
66_05.mp3,66,5,E1,E1,A1,Y,parent
66_06.mp3,66,6,I1,A1,I1,Y,child
66_07.mp3,66,7,D1,F1,D1,Y,parent
66_08.mp3,66,8,A1,H1,A1,Y,child
66_09.mp3,66,9,B1,I1,B1,Y,parent
66_10.mp3,66,10,C1,C1,I1,Y,child
66_31.mp3,66,31,B1,D1,B1,Y,child
66_32.mp3,66,32,I1,I1,C1,Y,parent
66_33.mp3,66,33,H1,H1,A1,Y,child
66_34.mp3,66,34,G1,G1,C1,Y,parent
66_35.mp3,66,35,E1,E1,B1,Y,child
66_36.mp3,66,36,A1,A1,K1,Y,parent
66_37.mp3,66,37,D1,D1,H1,Y,child
66_38.mp3,66,38,K1,K1,F1,Y,parent
66_39.mp3,66,39,F1,C1,F1,Y,child
66_40.mp3,66,40,C1,C1,E1,Y,parent
67_01.mp3,67,1,C1,I1,C1,Y,parent
67_02.mp3,67,2,D1,E1,D1,Y,child
67_03.mp3,67,3,I1,I1,B1,Y,parent
67_04.mp3,67,4,H1,A1,H1,Y,child
67_05.mp3,67,5,K1,A1,K1,Y,parent
67_06.mp3,67,6,E1,E1,H1,Y,child
67_07.mp3,67,7,G1,G1,C1,Y,parent
67_08.mp3,67,8,F1,F1,B1,Y,child
67_08_b.mp3,8,8,H1,C1,H1,Y,child
67_09.mp3,67,9,A1,H1,A1,Y,parent
67_10.mp3,67,10,B1,B1,D1,Y,child
67_31.mp3,67,31,K1,B1,K1,Y,child
67_32.mp3,67,32,H1,D1,H1,Y,parent
67_33.mp3,67,33,I1,A1,I1,Y,child
67_34.mp3,67,34,B1,I1,B1,Y,parent
67_35.mp3,67,35,A1,D1,A1,Y,child
67_36.mp3,67,36,F1,F1,C1,Y,parent
67_37.mp3,67,37,G1,G1,D1,Y,child
67_38.mp3,67,38,D1,D1,H1,N,parent
67_39.mp3,67,39,C1,E1,C1,Y,child
67_40.mp3,67,40,E1,I1,E1,Y,parent
68_01.mp3,68,1,C1,A1,C1,N,parent
68_02.mp3,68,2,A1,A1,I1,N,child
68_03.mp3,68,3,E1,E1,H1,Y,parent
68_04.mp3,68,4,I1,I1,E1,N,child
68_05.mp3,68,5,H1,A1,H1,Y,parent
68_06.mp3,68,6,B1,I1,B1,Y,child
68_07.mp3,68,7,F1,F1,B1,Y,parent
68_08.mp3,68,8,K1,K1,A1,Y,child
68_09.mp3,68,9,G1,G1,D1,Y,parent
68_10.mp3,68,10,D1,D1,E1,Y,child
68_32.mp3,68,32,A1,H1,A1,Y,parent
68_33.mp3,68,33,C1,H1,C1,Y,child
68_34.mp3,68,34,K1,B1,K1,Y,parent
68_35.mp3,68,35,F1,F1,C1,Y,child
68_36.mp3,68,36,D1,K1,D1,Y,parent
68_37.mp3,68,37,E1,A1,E1,N,child
68_38.mp3,68,38,B1,B1,D1,Y,parent
68_39.mp3,68,39,H1,D1,H1,Y,child
68_40.mp3,68,40,I1,B1,I1,Y,parent
69_01.mp3,69,1,E1,B1,E1,Y,parent
69_02.mp3,69,2,D1,K1,D1,Y,child
69_03.mp3,69,3,A1,H1,A1,Y,parent
69_04.mp3,69,4,G1,C1,G1,Y,child
69_05.mp3,69,5,K1,K1,A1,Y,parent
69_06.mp3,69,6,B1,D1,B1,Y,child
69_07.mp3,69,7,H1,H1,E1,Y,parent
69_09.mp3,69,9,C1,I1,C1,N,parent
69_10.mp3,69,10,I1,A1,I1,Y,child
69_31.mp3,69,31,H1,H1,A1,Y,child
69_32.mp3,69,32,G1,D1,G1,Y,parent
69_33.mp3,69,33,A1,D1,A1,Y,child
69_34.mp3,69,34,D1,F1,D1,Y,parent
69_35.mp3,69,35,C1,C1,A1,Y,child
69_36.mp3,69,36,B1,I1,B1,Y,parent
69_37.mp3,69,37,K1,K1,D1,Y,child
69_40.mp3,69,40,F1,F1,C1,Y,parent
70_01.mp3,70,1,I1,A1,I1,Y,parent
70_02.mp3,70,2,G1,C1,G1,Y,child
70_03.mp3,70,3,B1,B1,D1,Y,parent
70_04.mp3,70,4,C1,E1,C1,Y,child
70_05.mp3,70,5,A1,K1,A1,Y,parent
70_06.mp3,70,6,D1,D1,H1,Y,child
70_07.mp3,70,7,K1,K1,D1,Y,parent
70_08.mp3,70,8,H1,C1,H1,Y,child
70_09.mp3,70,9,F1,G1,F1,Y,parent
70_10.mp3,70,10,E1,E1,H1,Y,child
70_32.mp3,70,32,G1,E1,G1,Y,parent
70_33.mp3,70,33,A1,D1,A1,Y,child
70_34.mp3,70,34,H1,H1,E1,Y,parent
70_35.mp3,70,35,K1,F1,K1,Y,child
70_36.mp3,70,36,D1,D1,E1,Y,parent
70_37.mp3,70,37,B1,B1,K1,Y,child
70_38.mp3,70,38,C1,H1,C1,Y,parent
70_39.mp3,70,39,I1,B1,I1,Y,child
70_40.mp3,70,40,E1,I1,E1,Y,parent
71_01.mp3,71,1,E1,H1,E1,Y,parent
71_02.mp3,71,2,H1,H1,E1,Y,child
71_03.mp3,71,3,F1,F1,K1,Y,parent
71_04.mp3,71,4,G1,G1,E1,Y,child
71_05.mp3,71,5,A1,K1,A1,Y,parent
71_06.mp3,71,6,C1,A1,C1,Y,child
71_07.mp3,71,7,I1,A1,I1,Y,parent
71_08.mp3,71,8,K1,K1,F1,Y,child
71_09.mp3,71,9,D1,D1,K1,Y,parent
71_10.mp3,71,10,B1,B1,I1,Y,child
71_31.mp3,71,31,D1,D1,H1,Y,child
71_32.mp3,71,32,G1,G1,D1,Y,parent
71_33.mp3,71,33,I1,B1,I1,N,child
71_34.mp3,71,34,C1,I1,C1,Y,parent
71_35.mp3,71,35,A1,A1,D1,Y,child
71_36.mp3,71,36,K1,D1,K1,Y,parent
71_37.mp3,71,37,F1,B1,F1,Y,child
71_38.mp3,71,38,B1,K1,B1,N,parent
71_39.mp3,71,39,E1,I1,E1,N,child
71_40.mp3,71,40,H1,C1,H1,Y,parent
72_01.mp3,72,1,G1,K1,G1,N,parent
72_02.mp3,72,2,K1,D1,K1,Y,child
72_03.mp3,72,3,F1,C1,F1,Y,parent
72_04.mp3,72,4,D1,D1,K1,Y,child
72_05.mp3,72,5,A1,A1,K1,Y,parent
72_06.mp3,72,6,I1,C1,I1,Y,child
72_07.mp3,72,7,E1,E1,H1,Y,parent
72_08.mp3,72,8,C1,A1,C1,Y,child
72_09.mp3,72,9,B1,B1,K1,Y,parent
72_10.mp3,72,10,H1,E1,H1,Y,child
72_31.mp3,72,31,F1,F1,B1,Y,child
72_32.mp3,72,32,D1,H1,D1,Y,parent
72_33.mp3,72,33,G1,E1,G1,Y,child
72_34.mp3,72,34,I1,I1,A1,Y,parent
72_35.mp3,72,35,E1,A1,E1,Y,child
72_36.mp3,72,36,H1,D1,H1,Y,parent
72_37.mp3,72,37,B1,C1,B1,N,child
72_38.mp3,72,38,K1,A1,K1,Y,parent
72_39.mp3,72,39,A1,H1,A1,Y,child
72_40.mp3,72,40,C1,C1,I1,Y,parent
73_01.mp3,73,1,K1,B1,K1,Y,parent
73_02.mp3,73,2,E1,E1,I1,N,child
73_03.mp3,73,3,B1,K1,B1,Y,parent
73_04.mp3,73,4,C1,C1,H1,Y,child
73_05.mp3,73,5,F1,F1,K1,N,parent
73_06.mp3,73,6,D1,D1,E1,Y,child
73_07.mp3,73,7,A1,D1,A1,Y,parent
73_08.mp3,73,8,I1,I1,B1,Y,child
73_09.mp3,73,9,G1,C1,G1,Y,parent
73_10.mp3,73,10,H1,A1,H1,Y,child
73_31.mp3,73,31,K1,K1,D1,Y,child
73_32.mp3,73,32,C1,C1,I1,Y,parent
73_33.mp3,73,33,B1,B1,C1,Y,child
73_34.mp3,73,34,D1,F1,D1,Y,parent
73_35.mp3,73,35,A1,A1,I1,Y,child
73_36.mp3,73,36,I1,I1,E1,Y,parent
73_37.mp3,73,37,F1,F1,C1,Y,child
73_38.mp3,73,38,E1,E1,A1,Y,parent
73_39.mp3,73,39,G1,K1,G1,Y,child
73_40.mp3,73,40,H1,E1,H1,Y,parent
74_01.mp3,74,1,H1,H1,A1,Y,parent
74_02.mp3,74,2,G1,K1,G1,Y,child
74_03.mp3,74,3,E1,I1,E1,Y,parent
74_04.mp3,74,4,B1,C1,B1,Y,child
74_05.mp3,74,5,A1,K1,A1,Y,parent
74_06.mp3,74,6,C1,A1,C1,Y,child
74_07.mp3,74,7,F1,F1,C1,Y,parent
74_08.mp3,74,8,D1,D1,F1,Y,child
74_09.mp3,74,9,K1,F1,K1,Y,parent
74_10.mp3,74,10,I1,I1,C1,Y,child
74_31.mp3,74,31,E1,A1,E1,Y,child
74_32.mp3,74,32,G1,D1,G1,Y,parent
74_33.mp3,74,33,F1,G1,F1,Y,child
74_34.mp3,74,34,D1,D1,K1,Y,parent
74_35.mp3,74,35,K1,K1,B1,Y,child
74_36.mp3,74,36,B1,B1,D1,Y,parent
74_37.mp3,74,37,A1,A1,I1,Y,child
74_38.mp3,74,38,C1,I1,C1,N,parent
74_39.mp3,74,39,H1,E1,H1,Y,child
74_40.mp3,74,40,I1,I1,E1,Y,parent
75_01.mp3,75,1,F1,B1,F1,Y,parent
75_02.mp3,75,2,B1,B1,D1,Y,child
75_03.mp3,75,3,D1,D1,E1,Y,parent
75_04.mp3,75,4,K1,K1,F1,Y,child
75_05.mp3,75,5,G1,D1,G1,Y,parent
75_06.mp3,75,6,E1,E1,A1,Y,child
75_07.mp3,75,7,A1,K1,A1,Y,parent
75_08.mp3,75,8,C1,H1,C1,Y,child
75_09.mp3,75,9,H1,H1,E1,Y,parent
75_10.mp3,75,10,I1,I1,A1,Y,child
75_31.mp3,75,31,F1,F1,G1,Y,child
75_32.mp3,75,32,C1,C1,A1,Y,parent
75_33.mp3,75,33,D1,H1,D1,Y,child
75_34.mp3,75,34,I1,C1,I1,Y,parent
75_35.mp3,75,35,A1,A1,I1,Y,child
75_36.mp3,75,36,B1,K1,B1,Y,parent
75_37.mp3,75,37,G1,G1,C1,Y,child
75_38.mp3,75,38,K1,K1,B1,Y,parent
75_39.mp3,75,39,H1,H1,D1,Y,child
75_40.mp3,75,40,E1,H1,E1,Y,parent
